node_id,node_type,zone_id,x_coord,y_coord
90001,centroid,1,-1.5,1.0
90002,centroid,2,8.5,-8.0
1,intersection,,0.0,0.0
2,intersection,,1.0,0.0
3,intersection,,2.0,0.0
4,intersection,,3.0,0.0
5,intersection,,4.0,0.0
6,intersection,,5.0,0.0
7,intersection,,6.0,0.0
8,intersection,,7.0,0.0
9,intersection,,0.0,-1.0
10,intersection,,1.0,-1.0
11,intersection,,2.0,-1.0
12,intersection,,3.0,-1.0
13,intersection,,4.0,-1.0
14,intersection,,5.0,-1.0
15,intersection,,6.0,-1.0
16,intersection,,7.0,-1.0
17,intersection,,0.0,-2.0
18,intersection,,1.0,-2.0
19,intersection,,2.0,-2.0
20,intersection,,3.0,-2.0
21,intersection,,4.0,-2.0
22,intersection,,5.0,-2.0
23,intersection,,6.0,-2.0
24,intersection,,7.0,-2.0
25,intersection,,0.0,-3.0
26,intersection,,1.0,-3.0
27,intersection,,2.0,-3.0
28,intersection,,3.0,-3.0
29,intersection,,4.0,-3.0
30,intersection,,5.0,-3.0
31,intersection,,6.0,-3.0
32,intersection,,7.0,-3.0
33,intersection,,0.0,-4.0
34,intersection,,1.0,-4.0
35,intersection,,2.0,-4.0
36,intersection,,3.0,-4.0
37,intersection,,4.0,-4.0
38,intersection,,5.0,-4.0
39,intersection,,6.0,-4.0
40,intersection,,7.0,-4.0
41,intersection,,0.0,-5.0
42,intersection,,1.0,-5.0
43,intersection,,2.0,-5.0
44,intersection,,3.0,-5.0
45,intersection,,4.0,-5.0
46,intersection,,5.0,-5.0
47,intersection,,6.0,-5.0
48,intersection,,7.0,-5.0
49,intersection,,0.0,-6.0
50,intersection,,1.0,-6.0
51,intersection,,2.0,-6.0
52,intersection,,3.0,-6.0
53,intersection,,4.0,-6.0
54,intersection,,5.0,-6.0
55,intersection,,6.0,-6.0
56,intersection,,7.0,-6.0
57,intersection,,0.0,-7.0
58,intersection,,1.0,-7.0
59,intersection,,2.0,-7.0
60,intersection,,3.0,-7.0
61,intersection,,4.0,-7.0
62,intersection,,5.0,-7.0
63,intersection,,6.0,-7.0
64,intersection,,7.0,-7.0
65,intersection,,0.02,-0.02
66,intersection,,1.02,-0.02
67,intersection,,2.02,-0.02
68,intersection,,3.02,-0.02
69,intersection,,4.02,-0.02
70,intersection,,5.02,-0.02
71,intersection,,6.02,-0.02
72,intersection,,7.02,-0.02
73,intersection,,0.02,-1.02
74,intersection,,1.02,-1.02
75,intersection,,2.02,-1.02
76,intersection,,3.02,-1.02
77,intersection,,4.02,-1.02
78,intersection,,5.02,-1.02
79,intersection,,6.02,-1.02
80,intersection,,7.02,-1.02
81,intersection,,0.02,-2.02
82,intersection,,1.02,-2.02
83,intersection,,2.02,-2.02
84,intersection,,3.02,-2.02
85,intersection,,4.02,-2.02
86,intersection,,5.02,-2.02
87,intersection,,6.02,-2.02
88,intersection,,7.02,-2.02
89,intersection,,0.02,-3.02
90,intersection,,1.02,-3.02
91,intersection,,2.02,-3.02
92,intersection,,3.02,-3.02
93,intersection,,4.02,-3.02
94,intersection,,5.02,-3.02
95,intersection,,6.02,-3.02
96,intersection,,7.02,-3.02
97,intersection,,0.02,-4.02
98,intersection,,1.02,-4.02
99,intersection,,2.02,-4.02
100,intersection,,3.02,-4.02
101,intersection,,4.02,-4.02
102,intersection,,5.02,-4.02
103,intersection,,6.02,-4.02
104,intersection,,7.02,-4.02
105,intersection,,0.02,-5.02
106,intersection,,1.02,-5.02
107,intersection,,2.02,-5.02
108,intersection,,3.02,-5.02
109,intersection,,4.02,-5.02
110,intersection,,5.02,-5.02
111,intersection,,6.02,-5.02
112,intersection,,7.02,-5.02
113,intersection,,0.02,-6.02
114,intersection,,1.02,-6.02
115,intersection,,2.02,-6.02
116,intersection,,3.02,-6.02
117,intersection,,4.02,-6.02
118,intersection,,5.02,-6.02
119,intersection,,6.02,-6.02
120,intersection,,7.02,-6.02
121,intersection,,0.02,-7.02
122,intersection,,1.02,-7.02
123,intersection,,2.02,-7.02
124,intersection,,3.02,-7.02
125,intersection,,4.02,-7.02
126,intersection,,5.02,-7.02
127,intersection,,6.02,-7.02
128,intersection,,7.02,-7.02
129,intersection,,0.04,-0.04
130,intersection,,1.04,-0.04
131,intersection,,2.04,-0.04
132,intersection,,3.04,-0.04
133,intersection,,4.04,-0.04
134,intersection,,5.04,-0.04
135,intersection,,6.04,-0.04
136,intersection,,7.04,-0.04
137,intersection,,0.04,-1.04
138,intersection,,1.04,-1.04
139,intersection,,2.04,-1.04
140,intersection,,3.04,-1.04
141,intersection,,4.04,-1.04
142,intersection,,5.04,-1.04
143,intersection,,6.04,-1.04
144,intersection,,7.04,-1.04
145,intersection,,0.04,-2.04
146,intersection,,1.04,-2.04
147,intersection,,2.04,-2.04
148,intersection,,3.04,-2.04
149,intersection,,4.04,-2.04
150,intersection,,5.04,-2.04
151,intersection,,6.04,-2.04
152,intersection,,7.04,-2.04
153,intersection,,0.04,-3.04
154,intersection,,1.04,-3.04
155,intersection,,2.04,-3.04
156,intersection,,3.04,-3.04
157,intersection,,4.04,-3.04
158,intersection,,5.04,-3.04
159,intersection,,6.04,-3.04
160,intersection,,7.04,-3.04
161,intersection,,0.04,-4.04
162,intersection,,1.04,-4.04
163,intersection,,2.04,-4.04
164,intersection,,3.04,-4.04
165,intersection,,4.04,-4.04
166,intersection,,5.04,-4.04
167,intersection,,6.04,-4.04
168,intersection,,7.04,-4.04
169,intersection,,0.04,-5.04
170,intersection,,1.04,-5.04
171,intersection,,2.04,-5.04
172,intersection,,3.04,-5.04
173,intersection,,4.04,-5.04
174,intersection,,5.04,-5.04
175,intersection,,6.04,-5.04
176,intersection,,7.04,-5.04
177,intersection,,0.04,-6.04
178,intersection,,1.04,-6.04
179,intersection,,2.04,-6.04
180,intersection,,3.04,-6.04
181,intersection,,4.04,-6.04
182,intersection,,5.04,-6.04
183,intersection,,6.04,-6.04
184,intersection,,7.04,-6.04
185,intersection,,0.04,-7.04
186,intersection,,1.04,-7.04
187,intersection,,2.04,-7.04
188,intersection,,3.04,-7.04
189,intersection,,4.04,-7.04
190,intersection,,5.04,-7.04
191,intersection,,6.04,-7.04
192,intersection,,7.04,-7.04
193,intersection,,0.06,-0.06
194,intersection,,1.06,-0.06
195,intersection,,2.06,-0.06
196,intersection,,3.06,-0.06
197,intersection,,4.06,-0.06
198,intersection,,5.06,-0.06
199,intersection,,6.06,-0.06
200,intersection,,7.06,-0.06
201,intersection,,0.06,-1.06
202,intersection,,1.06,-1.06
203,intersection,,2.06,-1.06
204,intersection,,3.06,-1.06
205,intersection,,4.06,-1.06
206,intersection,,5.06,-1.06
207,intersection,,6.06,-1.06
208,intersection,,7.06,-1.06
209,intersection,,0.06,-2.06
210,intersection,,1.06,-2.06
211,intersection,,2.06,-2.06
212,intersection,,3.06,-2.06
213,intersection,,4.06,-2.06
214,intersection,,5.06,-2.06
215,intersection,,6.06,-2.06
216,intersection,,7.06,-2.06
217,intersection,,0.06,-3.06
218,intersection,,1.06,-3.06
219,intersection,,2.06,-3.06
220,intersection,,3.06,-3.06
221,intersection,,4.06,-3.06
222,intersection,,5.06,-3.06
223,intersection,,6.06,-3.06
224,intersection,,7.06,-3.06
225,intersection,,0.06,-4.06
226,intersection,,1.06,-4.06
227,intersection,,2.06,-4.06
228,intersection,,3.06,-4.06
229,intersection,,4.06,-4.06
230,intersection,,5.06,-4.06
231,intersection,,6.06,-4.06
232,intersection,,7.06,-4.06
233,intersection,,0.06,-5.06
234,intersection,,1.06,-5.06
235,intersection,,2.06,-5.06
236,intersection,,3.06,-5.06
237,intersection,,4.06,-5.06
238,intersection,,5.06,-5.06
239,intersection,,6.06,-5.06
240,intersection,,7.06,-5.06
241,intersection,,0.06,-6.06
242,intersection,,1.06,-6.06
243,intersection,,2.06,-6.06
244,intersection,,3.06,-6.06
245,intersection,,4.06,-6.06
246,intersection,,5.06,-6.06
247,intersection,,6.06,-6.06
248,intersection,,7.06,-6.06
249,intersection,,0.06,-7.06
250,intersection,,1.06,-7.06
251,intersection,,2.06,-7.06
252,intersection,,3.06,-7.06
253,intersection,,4.06,-7.06
254,intersection,,5.06,-7.06
255,intersection,,6.06,-7.06
256,intersection,,7.06,-7.06
257,intersection,,0.08,-0.08
258,intersection,,1.08,-0.08
259,intersection,,2.08,-0.08
260,intersection,,3.08,-0.08
261,intersection,,4.08,-0.08
262,intersection,,5.08,-0.08
263,intersection,,6.08,-0.08
264,intersection,,7.08,-0.08
265,intersection,,0.08,-1.08
266,intersection,,1.08,-1.08
267,intersection,,2.08,-1.08
268,intersection,,3.08,-1.08
269,intersection,,4.08,-1.08
270,intersection,,5.08,-1.08
271,intersection,,6.08,-1.08
272,intersection,,7.08,-1.08
273,intersection,,0.08,-2.08
274,intersection,,1.08,-2.08
275,intersection,,2.08,-2.08
276,intersection,,3.08,-2.08
277,intersection,,4.08,-2.08
278,intersection,,5.08,-2.08
279,intersection,,6.08,-2.08
280,intersection,,7.08,-2.08
281,intersection,,0.08,-3.08
282,intersection,,1.08,-3.08
283,intersection,,2.08,-3.08
284,intersection,,3.08,-3.08
285,intersection,,4.08,-3.08
286,intersection,,5.08,-3.08
287,intersection,,6.08,-3.08
288,intersection,,7.08,-3.08
289,intersection,,0.08,-4.08
290,intersection,,1.08,-4.08
291,intersection,,2.08,-4.08
292,intersection,,3.08,-4.08
293,intersection,,4.08,-4.08
294,intersection,,5.08,-4.08
295,intersection,,6.08,-4.08
296,intersection,,7.08,-4.08
297,intersection,,0.08,-5.08
298,intersection,,1.08,-5.08
299,intersection,,2.08,-5.08
300,intersection,,3.08,-5.08
301,intersection,,4.08,-5.08
302,intersection,,5.08,-5.08
303,intersection,,6.08,-5.08
304,intersection,,7.08,-5.08
305,intersection,,0.08,-6.08
306,intersection,,1.08,-6.08
307,intersection,,2.08,-6.08
308,intersection,,3.08,-6.08
309,intersection,,4.08,-6.08
310,intersection,,5.08,-6.08
311,intersection,,6.08,-6.08
312,intersection,,7.08,-6.08
313,intersection,,0.08,-7.08
314,intersection,,1.08,-7.08
315,intersection,,2.08,-7.08
316,intersection,,3.08,-7.08
317,intersection,,4.08,-7.08
318,intersection,,5.08,-7.08
319,intersection,,6.08,-7.08
320,intersection,,7.08,-7.08
321,intersection,,0.1,-0.1
322,intersection,,1.1,-0.1
323,intersection,,2.1,-0.1
324,intersection,,3.1,-0.1
325,intersection,,4.1,-0.1
326,intersection,,5.1,-0.1
327,intersection,,6.1,-0.1
328,intersection,,7.1,-0.1
329,intersection,,0.1,-1.1
330,intersection,,1.1,-1.1
331,intersection,,2.1,-1.1
332,intersection,,3.1,-1.1
333,intersection,,4.1,-1.1
334,intersection,,5.1,-1.1
335,intersection,,6.1,-1.1
336,intersection,,7.1,-1.1
337,intersection,,0.1,-2.1
338,intersection,,1.1,-2.1
339,intersection,,2.1,-2.1
340,intersection,,3.1,-2.1
341,intersection,,4.1,-2.1
342,intersection,,5.1,-2.1
343,intersection,,6.1,-2.1
344,intersection,,7.1,-2.1
345,intersection,,0.1,-3.1
346,intersection,,1.1,-3.1
347,intersection,,2.1,-3.1
348,intersection,,3.1,-3.1
349,intersection,,4.1,-3.1
350,intersection,,5.1,-3.1
351,intersection,,6.1,-3.1
352,intersection,,7.1,-3.1
353,intersection,,0.1,-4.1
354,intersection,,1.1,-4.1
355,intersection,,2.1,-4.1
356,intersection,,3.1,-4.1
357,intersection,,4.1,-4.1
358,intersection,,5.1,-4.1
359,intersection,,6.1,-4.1
360,intersection,,7.1,-4.1
361,intersection,,0.1,-5.1
362,intersection,,1.1,-5.1
363,intersection,,2.1,-5.1
364,intersection,,3.1,-5.1
365,intersection,,4.1,-5.1
366,intersection,,5.1,-5.1
367,intersection,,6.1,-5.1
368,intersection,,7.1,-5.1
369,intersection,,0.1,-6.1
370,intersection,,1.1,-6.1
371,intersection,,2.1,-6.1
372,intersection,,3.1,-6.1
373,intersection,,4.1,-6.1
374,intersection,,5.1,-6.1
375,intersection,,6.1,-6.1
376,intersection,,7.1,-6.1
377,intersection,,0.1,-7.1
378,intersection,,1.1,-7.1
379,intersection,,2.1,-7.1
380,intersection,,3.1,-7.1
381,intersection,,4.1,-7.1
382,intersection,,5.1,-7.1
383,intersection,,6.1,-7.1
384,intersection,,7.1,-7.1
385,intersection,,0.12,-0.12
386,intersection,,1.12,-0.12
387,intersection,,2.12,-0.12
388,intersection,,3.12,-0.12
389,intersection,,4.12,-0.12
390,intersection,,5.12,-0.12
391,intersection,,6.12,-0.12
392,intersection,,7.12,-0.12
393,intersection,,0.12,-1.12
394,intersection,,1.12,-1.12
395,intersection,,2.12,-1.12
396,intersection,,3.12,-1.12
397,intersection,,4.12,-1.12
398,intersection,,5.12,-1.12
399,intersection,,6.12,-1.12
400,intersection,,7.12,-1.12
401,intersection,,0.12,-2.12
402,intersection,,1.12,-2.12
403,intersection,,2.12,-2.12
404,intersection,,3.12,-2.12
405,intersection,,4.12,-2.12
406,intersection,,5.12,-2.12
407,intersection,,6.12,-2.12
408,intersection,,7.12,-2.12
409,intersection,,0.12,-3.12
410,intersection,,1.12,-3.12
411,intersection,,2.12,-3.12
412,intersection,,3.12,-3.12
413,intersection,,4.12,-3.12
414,intersection,,5.12,-3.12
415,intersection,,6.12,-3.12
416,intersection,,7.12,-3.12
417,intersection,,0.12,-4.12
418,intersection,,1.12,-4.12
419,intersection,,2.12,-4.12
420,intersection,,3.12,-4.12
421,intersection,,4.12,-4.12
422,intersection,,5.12,-4.12
423,intersection,,6.12,-4.12
424,intersection,,7.12,-4.12
425,intersection,,0.12,-5.12
426,intersection,,1.12,-5.12
427,intersection,,2.12,-5.12
428,intersection,,3.12,-5.12
429,intersection,,4.12,-5.12
430,intersection,,5.12,-5.12
431,intersection,,6.12,-5.12
432,intersection,,7.12,-5.12
433,intersection,,0.12,-6.12
434,intersection,,1.12,-6.12
435,intersection,,2.12,-6.12
436,intersection,,3.12,-6.12
437,intersection,,4.12,-6.12
438,intersection,,5.12,-6.12
439,intersection,,6.12,-6.12
440,intersection,,7.12,-6.12
441,intersection,,0.12,-7.12
442,intersection,,1.12,-7.12
443,intersection,,2.12,-7.12
444,intersection,,3.12,-7.12
445,intersection,,4.12,-7.12
446,intersection,,5.12,-7.12
447,intersection,,6.12,-7.12
448,intersection,,7.12,-7.12
449,intersection,,0.14,-0.14
450,intersection,,1.1400000000000001,-0.14
451,intersection,,2.14,-0.14
452,intersection,,3.14,-0.14
453,intersection,,4.14,-0.14
454,intersection,,5.14,-0.14
455,intersection,,6.14,-0.14
456,intersection,,7.14,-0.14
457,intersection,,0.14,-1.1400000000000001
458,intersection,,1.1400000000000001,-1.1400000000000001
459,intersection,,2.14,-1.1400000000000001
460,intersection,,3.14,-1.1400000000000001
461,intersection,,4.14,-1.1400000000000001
462,intersection,,5.14,-1.1400000000000001
463,intersection,,6.14,-1.1400000000000001
464,intersection,,7.14,-1.1400000000000001
465,intersection,,0.14,-2.14
466,intersection,,1.1400000000000001,-2.14
467,intersection,,2.14,-2.14
468,intersection,,3.14,-2.14
469,intersection,,4.14,-2.14
470,intersection,,5.14,-2.14
471,intersection,,6.14,-2.14
472,intersection,,7.14,-2.14
473,intersection,,0.14,-3.14
474,intersection,,1.1400000000000001,-3.14
475,intersection,,2.14,-3.14
476,intersection,,3.14,-3.14
477,intersection,,4.14,-3.14
478,intersection,,5.14,-3.14
479,intersection,,6.14,-3.14
480,intersection,,7.14,-3.14
481,intersection,,0.14,-4.14
482,intersection,,1.1400000000000001,-4.14
483,intersection,,2.14,-4.14
484,intersection,,3.14,-4.14
485,intersection,,4.14,-4.14
486,intersection,,5.14,-4.14
487,intersection,,6.14,-4.14
488,intersection,,7.14,-4.14
489,intersection,,0.14,-5.14
490,intersection,,1.1400000000000001,-5.14
491,intersection,,2.14,-5.14
492,intersection,,3.14,-5.14
493,intersection,,4.14,-5.14
494,intersection,,5.14,-5.14
495,intersection,,6.14,-5.14
496,intersection,,7.14,-5.14
497,intersection,,0.14,-6.14
498,intersection,,1.1400000000000001,-6.14
499,intersection,,2.14,-6.14
500,intersection,,3.14,-6.14
501,intersection,,4.14,-6.14
502,intersection,,5.14,-6.14
503,intersection,,6.14,-6.14
504,intersection,,7.14,-6.14
505,intersection,,0.14,-7.14
506,intersection,,1.1400000000000001,-7.14
507,intersection,,2.14,-7.14
508,intersection,,3.14,-7.14
509,intersection,,4.14,-7.14
510,intersection,,5.14,-7.14
511,intersection,,6.14,-7.14
512,intersection,,7.14,-7.14
513,intersection,,0.16,-0.16
514,intersection,,1.16,-0.16
515,intersection,,2.16,-0.16
516,intersection,,3.16,-0.16
517,intersection,,4.16,-0.16
518,intersection,,5.16,-0.16
519,intersection,,6.16,-0.16
520,intersection,,7.16,-0.16
521,intersection,,0.16,-1.16
522,intersection,,1.16,-1.16
523,intersection,,2.16,-1.16
524,intersection,,3.16,-1.16
525,intersection,,4.16,-1.16
526,intersection,,5.16,-1.16
527,intersection,,6.16,-1.16
528,intersection,,7.16,-1.16
529,intersection,,0.16,-2.16
530,intersection,,1.16,-2.16
531,intersection,,2.16,-2.16
532,intersection,,3.16,-2.16
533,intersection,,4.16,-2.16
534,intersection,,5.16,-2.16
535,intersection,,6.16,-2.16
536,intersection,,7.16,-2.16
537,intersection,,0.16,-3.16
538,intersection,,1.16,-3.16
539,intersection,,2.16,-3.16
540,intersection,,3.16,-3.16
541,intersection,,4.16,-3.16
542,intersection,,5.16,-3.16
543,intersection,,6.16,-3.16
544,intersection,,7.16,-3.16
545,intersection,,0.16,-4.16
546,intersection,,1.16,-4.16
547,intersection,,2.16,-4.16
548,intersection,,3.16,-4.16
549,intersection,,4.16,-4.16
550,intersection,,5.16,-4.16
551,intersection,,6.16,-4.16
552,intersection,,7.16,-4.16
553,intersection,,0.16,-5.16
554,intersection,,1.16,-5.16
555,intersection,,2.16,-5.16
556,intersection,,3.16,-5.16
557,intersection,,4.16,-5.16
558,intersection,,5.16,-5.16
559,intersection,,6.16,-5.16
560,intersection,,7.16,-5.16
561,intersection,,0.16,-6.16
562,intersection,,1.16,-6.16
563,intersection,,2.16,-6.16
564,intersection,,3.16,-6.16
565,intersection,,4.16,-6.16
566,intersection,,5.16,-6.16
567,intersection,,6.16,-6.16
568,intersection,,7.16,-6.16
569,intersection,,0.16,-7.16
570,intersection,,1.16,-7.16
571,intersection,,2.16,-7.16
572,intersection,,3.16,-7.16
573,intersection,,4.16,-7.16
574,intersection,,5.16,-7.16
575,intersection,,6.16,-7.16
576,intersection,,7.16,-7.16
577,intersection,,0.18,-0.18
578,intersection,,1.18,-0.18
579,intersection,,2.18,-0.18
580,intersection,,3.18,-0.18
581,intersection,,4.18,-0.18
582,intersection,,5.18,-0.18
583,intersection,,6.18,-0.18
584,intersection,,7.18,-0.18
585,intersection,,0.18,-1.18
586,intersection,,1.18,-1.18
587,intersection,,2.18,-1.18
588,intersection,,3.18,-1.18
589,intersection,,4.18,-1.18
590,intersection,,5.18,-1.18
591,intersection,,6.18,-1.18
592,intersection,,7.18,-1.18
593,intersection,,0.18,-2.18
594,intersection,,1.18,-2.18
595,intersection,,2.18,-2.18
596,intersection,,3.18,-2.18
597,intersection,,4.18,-2.18
598,intersection,,5.18,-2.18
599,intersection,,6.18,-2.18
600,intersection,,7.18,-2.18
601,intersection,,0.18,-3.18
602,intersection,,1.18,-3.18
603,intersection,,2.18,-3.18
604,intersection,,3.18,-3.18
605,intersection,,4.18,-3.18
606,intersection,,5.18,-3.18
607,intersection,,6.18,-3.18
608,intersection,,7.18,-3.18
609,intersection,,0.18,-4.18
610,intersection,,1.18,-4.18
611,intersection,,2.18,-4.18
612,intersection,,3.18,-4.18
613,intersection,,4.18,-4.18
614,intersection,,5.18,-4.18
615,intersection,,6.18,-4.18
616,intersection,,7.18,-4.18
617,intersection,,0.18,-5.18
618,intersection,,1.18,-5.18
619,intersection,,2.18,-5.18
620,intersection,,3.18,-5.18
621,intersection,,4.18,-5.18
622,intersection,,5.18,-5.18
623,intersection,,6.18,-5.18
624,intersection,,7.18,-5.18
625,intersection,,0.18,-6.18
626,intersection,,1.18,-6.18
627,intersection,,2.18,-6.18
628,intersection,,3.18,-6.18
629,intersection,,4.18,-6.18
630,intersection,,5.18,-6.18
631,intersection,,6.18,-6.18
632,intersection,,7.18,-6.18
633,intersection,,0.18,-7.18
634,intersection,,1.18,-7.18
635,intersection,,2.18,-7.18
636,intersection,,3.18,-7.18
637,intersection,,4.18,-7.18
638,intersection,,5.18,-7.18
639,intersection,,6.18,-7.18
640,intersection,,7.18,-7.18
641,intersection,,0.2,-0.2
642,intersection,,1.2,-0.2
643,intersection,,2.2,-0.2
644,intersection,,3.2,-0.2
645,intersection,,4.2,-0.2
646,intersection,,5.2,-0.2
647,intersection,,6.2,-0.2
648,intersection,,7.2,-0.2
649,intersection,,0.2,-1.2
650,intersection,,1.2,-1.2
651,intersection,,2.2,-1.2
652,intersection,,3.2,-1.2
653,intersection,,4.2,-1.2
654,intersection,,5.2,-1.2
655,intersection,,6.2,-1.2
656,intersection,,7.2,-1.2
657,intersection,,0.2,-2.2
658,intersection,,1.2,-2.2
659,intersection,,2.2,-2.2
660,intersection,,3.2,-2.2
661,intersection,,4.2,-2.2
662,intersection,,5.2,-2.2
663,intersection,,6.2,-2.2
664,intersection,,7.2,-2.2
665,intersection,,0.2,-3.2
666,intersection,,1.2,-3.2
667,intersection,,2.2,-3.2
668,intersection,,3.2,-3.2
669,intersection,,4.2,-3.2
670,intersection,,5.2,-3.2
671,intersection,,6.2,-3.2
672,intersection,,7.2,-3.2
673,intersection,,0.2,-4.2
674,intersection,,1.2,-4.2
675,intersection,,2.2,-4.2
676,intersection,,3.2,-4.2
677,intersection,,4.2,-4.2
678,intersection,,5.2,-4.2
679,intersection,,6.2,-4.2
680,intersection,,7.2,-4.2
681,intersection,,0.2,-5.2
682,intersection,,1.2,-5.2
683,intersection,,2.2,-5.2
684,intersection,,3.2,-5.2
685,intersection,,4.2,-5.2
686,intersection,,5.2,-5.2
687,intersection,,6.2,-5.2
688,intersection,,7.2,-5.2
689,intersection,,0.2,-6.2
690,intersection,,1.2,-6.2
691,intersection,,2.2,-6.2
692,intersection,,3.2,-6.2
693,intersection,,4.2,-6.2
694,intersection,,5.2,-6.2
695,intersection,,6.2,-6.2
696,intersection,,7.2,-6.2
697,intersection,,0.2,-7.2
698,intersection,,1.2,-7.2
699,intersection,,2.2,-7.2
700,intersection,,3.2,-7.2
701,intersection,,4.2,-7.2
702,intersection,,5.2,-7.2
703,intersection,,6.2,-7.2
704,intersection,,7.2,-7.2
705,intersection,,0.22,-0.22
706,intersection,,1.22,-0.22
707,intersection,,2.22,-0.22
708,intersection,,3.22,-0.22
709,intersection,,4.22,-0.22
710,intersection,,5.22,-0.22
711,intersection,,6.22,-0.22
712,intersection,,7.22,-0.22
713,intersection,,0.22,-1.22
714,intersection,,1.22,-1.22
715,intersection,,2.22,-1.22
716,intersection,,3.22,-1.22
717,intersection,,4.22,-1.22
718,intersection,,5.22,-1.22
719,intersection,,6.22,-1.22
720,intersection,,7.22,-1.22
721,intersection,,0.22,-2.22
722,intersection,,1.22,-2.22
723,intersection,,2.22,-2.22
724,intersection,,3.22,-2.22
725,intersection,,4.22,-2.22
726,intersection,,5.22,-2.22
727,intersection,,6.22,-2.22
728,intersection,,7.22,-2.22
729,intersection,,0.22,-3.22
730,intersection,,1.22,-3.22
731,intersection,,2.22,-3.22
732,intersection,,3.22,-3.22
733,intersection,,4.22,-3.22
734,intersection,,5.22,-3.22
735,intersection,,6.22,-3.22
736,intersection,,7.22,-3.22
737,intersection,,0.22,-4.22
738,intersection,,1.22,-4.22
739,intersection,,2.22,-4.22
740,intersection,,3.22,-4.22
741,intersection,,4.22,-4.22
742,intersection,,5.22,-4.22
743,intersection,,6.22,-4.22
744,intersection,,7.22,-4.22
745,intersection,,0.22,-5.22
746,intersection,,1.22,-5.22
747,intersection,,2.22,-5.22
748,intersection,,3.22,-5.22
749,intersection,,4.22,-5.22
750,intersection,,5.22,-5.22
751,intersection,,6.22,-5.22
752,intersection,,7.22,-5.22
753,intersection,,0.22,-6.22
754,intersection,,1.22,-6.22
755,intersection,,2.22,-6.22
756,intersection,,3.22,-6.22
757,intersection,,4.22,-6.22
758,intersection,,5.22,-6.22
759,intersection,,6.22,-6.22
760,intersection,,7.22,-6.22
761,intersection,,0.22,-7.22
762,intersection,,1.22,-7.22
763,intersection,,2.22,-7.22
764,intersection,,3.22,-7.22
765,intersection,,4.22,-7.22
766,intersection,,5.22,-7.22
767,intersection,,6.22,-7.22
768,intersection,,7.22,-7.22
769,intersection,,0.24,-0.24
770,intersection,,1.24,-0.24
771,intersection,,2.24,-0.24
772,intersection,,3.24,-0.24
773,intersection,,4.24,-0.24
774,intersection,,5.24,-0.24
775,intersection,,6.24,-0.24
776,intersection,,7.24,-0.24
777,intersection,,0.24,-1.24
778,intersection,,1.24,-1.24
779,intersection,,2.24,-1.24
780,intersection,,3.24,-1.24
781,intersection,,4.24,-1.24
782,intersection,,5.24,-1.24
783,intersection,,6.24,-1.24
784,intersection,,7.24,-1.24
785,intersection,,0.24,-2.24
786,intersection,,1.24,-2.24
787,intersection,,2.24,-2.24
788,intersection,,3.24,-2.24
789,intersection,,4.24,-2.24
790,intersection,,5.24,-2.24
791,intersection,,6.24,-2.24
792,intersection,,7.24,-2.24
793,intersection,,0.24,-3.24
794,intersection,,1.24,-3.24
795,intersection,,2.24,-3.24
796,intersection,,3.24,-3.24
797,intersection,,4.24,-3.24
798,intersection,,5.24,-3.24
799,intersection,,6.24,-3.24
800,intersection,,7.24,-3.24
801,intersection,,0.24,-4.24
802,intersection,,1.24,-4.24
803,intersection,,2.24,-4.24
804,intersection,,3.24,-4.24
805,intersection,,4.24,-4.24
806,intersection,,5.24,-4.24
807,intersection,,6.24,-4.24
808,intersection,,7.24,-4.24
809,intersection,,0.24,-5.24
810,intersection,,1.24,-5.24
811,intersection,,2.24,-5.24
812,intersection,,3.24,-5.24
813,intersection,,4.24,-5.24
814,intersection,,5.24,-5.24
815,intersection,,6.24,-5.24
816,intersection,,7.24,-5.24
817,intersection,,0.24,-6.24
818,intersection,,1.24,-6.24
819,intersection,,2.24,-6.24
820,intersection,,3.24,-6.24
821,intersection,,4.24,-6.24
822,intersection,,5.24,-6.24
823,intersection,,6.24,-6.24
824,intersection,,7.24,-6.24
825,intersection,,0.24,-7.24
826,intersection,,1.24,-7.24
827,intersection,,2.24,-7.24
828,intersection,,3.24,-7.24
829,intersection,,4.24,-7.24
830,intersection,,5.24,-7.24
831,intersection,,6.24,-7.24
832,intersection,,7.24,-7.24
833,intersection,,0.26,-0.26
834,intersection,,1.26,-0.26
835,intersection,,2.26,-0.26
836,intersection,,3.26,-0.26
837,intersection,,4.26,-0.26
838,intersection,,5.26,-0.26
839,intersection,,6.26,-0.26
840,intersection,,7.26,-0.26
841,intersection,,0.26,-1.26
842,intersection,,1.26,-1.26
843,intersection,,2.26,-1.26
844,intersection,,3.26,-1.26
845,intersection,,4.26,-1.26
846,intersection,,5.26,-1.26
847,intersection,,6.26,-1.26
848,intersection,,7.26,-1.26
849,intersection,,0.26,-2.26
850,intersection,,1.26,-2.26
851,intersection,,2.26,-2.26
852,intersection,,3.26,-2.26
853,intersection,,4.26,-2.26
854,intersection,,5.26,-2.26
855,intersection,,6.26,-2.26
856,intersection,,7.26,-2.26
857,intersection,,0.26,-3.26
858,intersection,,1.26,-3.26
859,intersection,,2.26,-3.26
860,intersection,,3.26,-3.26
861,intersection,,4.26,-3.26
862,intersection,,5.26,-3.26
863,intersection,,6.26,-3.26
864,intersection,,7.26,-3.26
865,intersection,,0.26,-4.26
866,intersection,,1.26,-4.26
867,intersection,,2.26,-4.26
868,intersection,,3.26,-4.26
869,intersection,,4.26,-4.26
870,intersection,,5.26,-4.26
871,intersection,,6.26,-4.26
872,intersection,,7.26,-4.26
873,intersection,,0.26,-5.26
874,intersection,,1.26,-5.26
875,intersection,,2.26,-5.26
876,intersection,,3.26,-5.26
877,intersection,,4.26,-5.26
878,intersection,,5.26,-5.26
879,intersection,,6.26,-5.26
880,intersection,,7.26,-5.26
881,intersection,,0.26,-6.26
882,intersection,,1.26,-6.26
883,intersection,,2.26,-6.26
884,intersection,,3.26,-6.26
885,intersection,,4.26,-6.26
886,intersection,,5.26,-6.26
887,intersection,,6.26,-6.26
888,intersection,,7.26,-6.26
889,intersection,,0.26,-7.26
890,intersection,,1.26,-7.26
891,intersection,,2.26,-7.26
892,intersection,,3.26,-7.26
893,intersection,,4.26,-7.26
894,intersection,,5.26,-7.26
895,intersection,,6.26,-7.26
896,intersection,,7.26,-7.26
897,intersection,,0.28,-0.28
898,intersection,,1.28,-0.28
899,intersection,,2.2800000000000002,-0.28
900,intersection,,3.2800000000000002,-0.28
901,intersection,,4.28,-0.28
902,intersection,,5.28,-0.28
903,intersection,,6.28,-0.28
904,intersection,,7.28,-0.28
905,intersection,,0.28,-1.28
906,intersection,,1.28,-1.28
907,intersection,,2.2800000000000002,-1.28
908,intersection,,3.2800000000000002,-1.28
909,intersection,,4.28,-1.28
910,intersection,,5.28,-1.28
911,intersection,,6.28,-1.28
912,intersection,,7.28,-1.28
913,intersection,,0.28,-2.2800000000000002
914,intersection,,1.28,-2.2800000000000002
915,intersection,,2.2800000000000002,-2.2800000000000002
916,intersection,,3.2800000000000002,-2.2800000000000002
917,intersection,,4.28,-2.2800000000000002
918,intersection,,5.28,-2.2800000000000002
919,intersection,,6.28,-2.2800000000000002
920,intersection,,7.28,-2.2800000000000002
921,intersection,,0.28,-3.2800000000000002
922,intersection,,1.28,-3.2800000000000002
923,intersection,,2.2800000000000002,-3.2800000000000002
924,intersection,,3.2800000000000002,-3.2800000000000002
925,intersection,,4.28,-3.2800000000000002
926,intersection,,5.28,-3.2800000000000002
927,intersection,,6.28,-3.2800000000000002
928,intersection,,7.28,-3.2800000000000002
929,intersection,,0.28,-4.28
930,intersection,,1.28,-4.28
931,intersection,,2.2800000000000002,-4.28
932,intersection,,3.2800000000000002,-4.28
933,intersection,,4.28,-4.28
934,intersection,,5.28,-4.28
935,intersection,,6.28,-4.28
936,intersection,,7.28,-4.28
937,intersection,,0.28,-5.28
938,intersection,,1.28,-5.28
939,intersection,,2.2800000000000002,-5.28
940,intersection,,3.2800000000000002,-5.28
941,intersection,,4.28,-5.28
942,intersection,,5.28,-5.28
943,intersection,,6.28,-5.28
944,intersection,,7.28,-5.28
945,intersection,,0.28,-6.28
946,intersection,,1.28,-6.28
947,intersection,,2.2800000000000002,-6.28
948,intersection,,3.2800000000000002,-6.28
949,intersection,,4.28,-6.28
950,intersection,,5.28,-6.28
951,intersection,,6.28,-6.28
952,intersection,,7.28,-6.28
953,intersection,,0.28,-7.28
954,intersection,,1.28,-7.28
955,intersection,,2.2800000000000002,-7.28
956,intersection,,3.2800000000000002,-7.28
957,intersection,,4.28,-7.28
958,intersection,,5.28,-7.28
959,intersection,,6.28,-7.28
960,intersection,,7.28,-7.28
961,intersection,,0.3,-0.3
962,intersection,,1.3,-0.3
963,intersection,,2.3,-0.3
964,intersection,,3.3,-0.3
965,intersection,,4.3,-0.3
966,intersection,,5.3,-0.3
967,intersection,,6.3,-0.3
968,intersection,,7.3,-0.3
969,intersection,,0.3,-1.3
970,intersection,,1.3,-1.3
971,intersection,,2.3,-1.3
972,intersection,,3.3,-1.3
973,intersection,,4.3,-1.3
974,intersection,,5.3,-1.3
975,intersection,,6.3,-1.3
976,intersection,,7.3,-1.3
977,intersection,,0.3,-2.3
978,intersection,,1.3,-2.3
979,intersection,,2.3,-2.3
980,intersection,,3.3,-2.3
981,intersection,,4.3,-2.3
982,intersection,,5.3,-2.3
983,intersection,,6.3,-2.3
984,intersection,,7.3,-2.3
985,intersection,,0.3,-3.3
986,intersection,,1.3,-3.3
987,intersection,,2.3,-3.3
988,intersection,,3.3,-3.3
989,intersection,,4.3,-3.3
990,intersection,,5.3,-3.3
991,intersection,,6.3,-3.3
992,intersection,,7.3,-3.3
993,intersection,,0.3,-4.3
994,intersection,,1.3,-4.3
995,intersection,,2.3,-4.3
996,intersection,,3.3,-4.3
997,intersection,,4.3,-4.3
998,intersection,,5.3,-4.3
999,intersection,,6.3,-4.3
1000,intersection,,7.3,-4.3
1001,intersection,,0.3,-5.3
1002,intersection,,1.3,-5.3
1003,intersection,,2.3,-5.3
1004,intersection,,3.3,-5.3
1005,intersection,,4.3,-5.3
1006,intersection,,5.3,-5.3
1007,intersection,,6.3,-5.3
1008,intersection,,7.3,-5.3
1009,intersection,,0.3,-6.3
1010,intersection,,1.3,-6.3
1011,intersection,,2.3,-6.3
1012,intersection,,3.3,-6.3
1013,intersection,,4.3,-6.3
1014,intersection,,5.3,-6.3
1015,intersection,,6.3,-6.3
1016,intersection,,7.3,-6.3
1017,intersection,,0.3,-7.3
1018,intersection,,1.3,-7.3
1019,intersection,,2.3,-7.3
1020,intersection,,3.3,-7.3
1021,intersection,,4.3,-7.3
1022,intersection,,5.3,-7.3
1023,intersection,,6.3,-7.3
1024,intersection,,7.3,-7.3
1025,intersection,,0.32,-0.32
1026,intersection,,1.32,-0.32
1027,intersection,,2.32,-0.32
1028,intersection,,3.32,-0.32
1029,intersection,,4.32,-0.32
1030,intersection,,5.32,-0.32
1031,intersection,,6.32,-0.32
1032,intersection,,7.32,-0.32
1033,intersection,,0.32,-1.32
1034,intersection,,1.32,-1.32
1035,intersection,,2.32,-1.32
1036,intersection,,3.32,-1.32
1037,intersection,,4.32,-1.32
1038,intersection,,5.32,-1.32
1039,intersection,,6.32,-1.32
1040,intersection,,7.32,-1.32
1041,intersection,,0.32,-2.32
1042,intersection,,1.32,-2.32
1043,intersection,,2.32,-2.32
1044,intersection,,3.32,-2.32
1045,intersection,,4.32,-2.32
1046,intersection,,5.32,-2.32
1047,intersection,,6.32,-2.32
1048,intersection,,7.32,-2.32
1049,intersection,,0.32,-3.32
1050,intersection,,1.32,-3.32
1051,intersection,,2.32,-3.32
1052,intersection,,3.32,-3.32
1053,intersection,,4.32,-3.32
1054,intersection,,5.32,-3.32
1055,intersection,,6.32,-3.32
1056,intersection,,7.32,-3.32
1057,intersection,,0.32,-4.32
1058,intersection,,1.32,-4.32
1059,intersection,,2.32,-4.32
1060,intersection,,3.32,-4.32
1061,intersection,,4.32,-4.32
1062,intersection,,5.32,-4.32
1063,intersection,,6.32,-4.32
1064,intersection,,7.32,-4.32
1065,intersection,,0.32,-5.32
1066,intersection,,1.32,-5.32
1067,intersection,,2.32,-5.32
1068,intersection,,3.32,-5.32
1069,intersection,,4.32,-5.32
1070,intersection,,5.32,-5.32
1071,intersection,,6.32,-5.32
1072,intersection,,7.32,-5.32
1073,intersection,,0.32,-6.32
1074,intersection,,1.32,-6.32
1075,intersection,,2.32,-6.32
1076,intersection,,3.32,-6.32
1077,intersection,,4.32,-6.32
1078,intersection,,5.32,-6.32
1079,intersection,,6.32,-6.32
1080,intersection,,7.32,-6.32
1081,intersection,,0.32,-7.32
1082,intersection,,1.32,-7.32
1083,intersection,,2.32,-7.32
1084,intersection,,3.32,-7.32
1085,intersection,,4.32,-7.32
1086,intersection,,5.32,-7.32
1087,intersection,,6.32,-7.32
1088,intersection,,7.32,-7.32
1089,intersection,,0.34,-0.34
1090,intersection,,1.34,-0.34
1091,intersection,,2.34,-0.34
1092,intersection,,3.34,-0.34
1093,intersection,,4.34,-0.34
1094,intersection,,5.34,-0.34
1095,intersection,,6.34,-0.34
1096,intersection,,7.34,-0.34
1097,intersection,,0.34,-1.34
1098,intersection,,1.34,-1.34
1099,intersection,,2.34,-1.34
1100,intersection,,3.34,-1.34
1101,intersection,,4.34,-1.34
1102,intersection,,5.34,-1.34
1103,intersection,,6.34,-1.34
1104,intersection,,7.34,-1.34
1105,intersection,,0.34,-2.34
1106,intersection,,1.34,-2.34
1107,intersection,,2.34,-2.34
1108,intersection,,3.34,-2.34
1109,intersection,,4.34,-2.34
1110,intersection,,5.34,-2.34
1111,intersection,,6.34,-2.34
1112,intersection,,7.34,-2.34
1113,intersection,,0.34,-3.34
1114,intersection,,1.34,-3.34
1115,intersection,,2.34,-3.34
1116,intersection,,3.34,-3.34
1117,intersection,,4.34,-3.34
1118,intersection,,5.34,-3.34
1119,intersection,,6.34,-3.34
1120,intersection,,7.34,-3.34
1121,intersection,,0.34,-4.34
1122,intersection,,1.34,-4.34
1123,intersection,,2.34,-4.34
1124,intersection,,3.34,-4.34
1125,intersection,,4.34,-4.34
1126,intersection,,5.34,-4.34
1127,intersection,,6.34,-4.34
1128,intersection,,7.34,-4.34
1129,intersection,,0.34,-5.34
1130,intersection,,1.34,-5.34
1131,intersection,,2.34,-5.34
1132,intersection,,3.34,-5.34
1133,intersection,,4.34,-5.34
1134,intersection,,5.34,-5.34
1135,intersection,,6.34,-5.34
1136,intersection,,7.34,-5.34
1137,intersection,,0.34,-6.34
1138,intersection,,1.34,-6.34
1139,intersection,,2.34,-6.34
1140,intersection,,3.34,-6.34
1141,intersection,,4.34,-6.34
1142,intersection,,5.34,-6.34
1143,intersection,,6.34,-6.34
1144,intersection,,7.34,-6.34
1145,intersection,,0.34,-7.34
1146,intersection,,1.34,-7.34
1147,intersection,,2.34,-7.34
1148,intersection,,3.34,-7.34
1149,intersection,,4.34,-7.34
1150,intersection,,5.34,-7.34
1151,intersection,,6.34,-7.34
1152,intersection,,7.34,-7.34
1153,intersection,,0.36,-0.36
1154,intersection,,1.3599999999999999,-0.36
1155,intersection,,2.36,-0.36
1156,intersection,,3.36,-0.36
1157,intersection,,4.36,-0.36
1158,intersection,,5.36,-0.36
1159,intersection,,6.36,-0.36
1160,intersection,,7.36,-0.36
1161,intersection,,0.36,-1.3599999999999999
1162,intersection,,1.3599999999999999,-1.3599999999999999
1163,intersection,,2.36,-1.3599999999999999
1164,intersection,,3.36,-1.3599999999999999
1165,intersection,,4.36,-1.3599999999999999
1166,intersection,,5.36,-1.3599999999999999
1167,intersection,,6.36,-1.3599999999999999
1168,intersection,,7.36,-1.3599999999999999
1169,intersection,,0.36,-2.36
1170,intersection,,1.3599999999999999,-2.36
1171,intersection,,2.36,-2.36
1172,intersection,,3.36,-2.36
1173,intersection,,4.36,-2.36
1174,intersection,,5.36,-2.36
1175,intersection,,6.36,-2.36
1176,intersection,,7.36,-2.36
1177,intersection,,0.36,-3.36
1178,intersection,,1.3599999999999999,-3.36
1179,intersection,,2.36,-3.36
1180,intersection,,3.36,-3.36
1181,intersection,,4.36,-3.36
1182,intersection,,5.36,-3.36
1183,intersection,,6.36,-3.36
1184,intersection,,7.36,-3.36
1185,intersection,,0.36,-4.36
1186,intersection,,1.3599999999999999,-4.36
1187,intersection,,2.36,-4.36
1188,intersection,,3.36,-4.36
1189,intersection,,4.36,-4.36
1190,intersection,,5.36,-4.36
1191,intersection,,6.36,-4.36
1192,intersection,,7.36,-4.36
1193,intersection,,0.36,-5.36
1194,intersection,,1.3599999999999999,-5.36
1195,intersection,,2.36,-5.36
1196,intersection,,3.36,-5.36
1197,intersection,,4.36,-5.36
1198,intersection,,5.36,-5.36
1199,intersection,,6.36,-5.36
1200,intersection,,7.36,-5.36
1201,intersection,,0.36,-6.36
1202,intersection,,1.3599999999999999,-6.36
1203,intersection,,2.36,-6.36
1204,intersection,,3.36,-6.36
1205,intersection,,4.36,-6.36
1206,intersection,,5.36,-6.36
1207,intersection,,6.36,-6.36
1208,intersection,,7.36,-6.36
1209,intersection,,0.36,-7.36
1210,intersection,,1.3599999999999999,-7.36
1211,intersection,,2.36,-7.36
1212,intersection,,3.36,-7.36
1213,intersection,,4.36,-7.36
1214,intersection,,5.36,-7.36
1215,intersection,,6.36,-7.36
1216,intersection,,7.36,-7.36
1217,intersection,,0.38,-0.38
1218,intersection,,1.38,-0.38
1219,intersection,,2.38,-0.38
1220,intersection,,3.38,-0.38
1221,intersection,,4.38,-0.38
1222,intersection,,5.38,-0.38
1223,intersection,,6.38,-0.38
1224,intersection,,7.38,-0.38
1225,intersection,,0.38,-1.38
1226,intersection,,1.38,-1.38
1227,intersection,,2.38,-1.38
1228,intersection,,3.38,-1.38
1229,intersection,,4.38,-1.38
1230,intersection,,5.38,-1.38
1231,intersection,,6.38,-1.38
1232,intersection,,7.38,-1.38
1233,intersection,,0.38,-2.38
1234,intersection,,1.38,-2.38
1235,intersection,,2.38,-2.38
1236,intersection,,3.38,-2.38
1237,intersection,,4.38,-2.38
1238,intersection,,5.38,-2.38
1239,intersection,,6.38,-2.38
1240,intersection,,7.38,-2.38
1241,intersection,,0.38,-3.38
1242,intersection,,1.38,-3.38
1243,intersection,,2.38,-3.38
1244,intersection,,3.38,-3.38
1245,intersection,,4.38,-3.38
1246,intersection,,5.38,-3.38
1247,intersection,,6.38,-3.38
1248,intersection,,7.38,-3.38
1249,intersection,,0.38,-4.38
1250,intersection,,1.38,-4.38
1251,intersection,,2.38,-4.38
1252,intersection,,3.38,-4.38
1253,intersection,,4.38,-4.38
1254,intersection,,5.38,-4.38
1255,intersection,,6.38,-4.38
1256,intersection,,7.38,-4.38
1257,intersection,,0.38,-5.38
1258,intersection,,1.38,-5.38
1259,intersection,,2.38,-5.38
1260,intersection,,3.38,-5.38
1261,intersection,,4.38,-5.38
1262,intersection,,5.38,-5.38
1263,intersection,,6.38,-5.38
1264,intersection,,7.38,-5.38
1265,intersection,,0.38,-6.38
1266,intersection,,1.38,-6.38
1267,intersection,,2.38,-6.38
1268,intersection,,3.38,-6.38
1269,intersection,,4.38,-6.38
1270,intersection,,5.38,-6.38
1271,intersection,,6.38,-6.38
1272,intersection,,7.38,-6.38
1273,intersection,,0.38,-7.38
1274,intersection,,1.38,-7.38
1275,intersection,,2.38,-7.38
1276,intersection,,3.38,-7.38
1277,intersection,,4.38,-7.38
1278,intersection,,5.38,-7.38
1279,intersection,,6.38,-7.38
1280,intersection,,7.38,-7.38
1281,intersection,,0.4,-0.4
1282,intersection,,1.4,-0.4
1283,intersection,,2.4,-0.4
1284,intersection,,3.4,-0.4
1285,intersection,,4.4,-0.4
1286,intersection,,5.4,-0.4
1287,intersection,,6.4,-0.4
1288,intersection,,7.4,-0.4
1289,intersection,,0.4,-1.4
1290,intersection,,1.4,-1.4
1291,intersection,,2.4,-1.4
1292,intersection,,3.4,-1.4
1293,intersection,,4.4,-1.4
1294,intersection,,5.4,-1.4
1295,intersection,,6.4,-1.4
1296,intersection,,7.4,-1.4
1297,intersection,,0.4,-2.4
1298,intersection,,1.4,-2.4
1299,intersection,,2.4,-2.4
1300,intersection,,3.4,-2.4
1301,intersection,,4.4,-2.4
1302,intersection,,5.4,-2.4
1303,intersection,,6.4,-2.4
1304,intersection,,7.4,-2.4
1305,intersection,,0.4,-3.4
1306,intersection,,1.4,-3.4
1307,intersection,,2.4,-3.4
1308,intersection,,3.4,-3.4
1309,intersection,,4.4,-3.4
1310,intersection,,5.4,-3.4
1311,intersection,,6.4,-3.4
1312,intersection,,7.4,-3.4
1313,intersection,,0.4,-4.4
1314,intersection,,1.4,-4.4
1315,intersection,,2.4,-4.4
1316,intersection,,3.4,-4.4
1317,intersection,,4.4,-4.4
1318,intersection,,5.4,-4.4
1319,intersection,,6.4,-4.4
1320,intersection,,7.4,-4.4
1321,intersection,,0.4,-5.4
1322,intersection,,1.4,-5.4
1323,intersection,,2.4,-5.4
1324,intersection,,3.4,-5.4
1325,intersection,,4.4,-5.4
1326,intersection,,5.4,-5.4
1327,intersection,,6.4,-5.4
1328,intersection,,7.4,-5.4
1329,intersection,,0.4,-6.4
1330,intersection,,1.4,-6.4
1331,intersection,,2.4,-6.4
1332,intersection,,3.4,-6.4
1333,intersection,,4.4,-6.4
1334,intersection,,5.4,-6.4
1335,intersection,,6.4,-6.4
1336,intersection,,7.4,-6.4
1337,intersection,,0.4,-7.4
1338,intersection,,1.4,-7.4
1339,intersection,,2.4,-7.4
1340,intersection,,3.4,-7.4
1341,intersection,,4.4,-7.4
1342,intersection,,5.4,-7.4
1343,intersection,,6.4,-7.4
1344,intersection,,7.4,-7.4
1345,intersection,,0.42,-0.42
1346,intersection,,1.42,-0.42
1347,intersection,,2.42,-0.42
1348,intersection,,3.42,-0.42
1349,intersection,,4.42,-0.42
1350,intersection,,5.42,-0.42
1351,intersection,,6.42,-0.42
1352,intersection,,7.42,-0.42
1353,intersection,,0.42,-1.42
1354,intersection,,1.42,-1.42
1355,intersection,,2.42,-1.42
1356,intersection,,3.42,-1.42
1357,intersection,,4.42,-1.42
1358,intersection,,5.42,-1.42
1359,intersection,,6.42,-1.42
1360,intersection,,7.42,-1.42
1361,intersection,,0.42,-2.42
1362,intersection,,1.42,-2.42
1363,intersection,,2.42,-2.42
1364,intersection,,3.42,-2.42
1365,intersection,,4.42,-2.42
1366,intersection,,5.42,-2.42
1367,intersection,,6.42,-2.42
1368,intersection,,7.42,-2.42
1369,intersection,,0.42,-3.42
1370,intersection,,1.42,-3.42
1371,intersection,,2.42,-3.42
1372,intersection,,3.42,-3.42
1373,intersection,,4.42,-3.42
1374,intersection,,5.42,-3.42
1375,intersection,,6.42,-3.42
1376,intersection,,7.42,-3.42
1377,intersection,,0.42,-4.42
1378,intersection,,1.42,-4.42
1379,intersection,,2.42,-4.42
1380,intersection,,3.42,-4.42
1381,intersection,,4.42,-4.42
1382,intersection,,5.42,-4.42
1383,intersection,,6.42,-4.42
1384,intersection,,7.42,-4.42
1385,intersection,,0.42,-5.42
1386,intersection,,1.42,-5.42
1387,intersection,,2.42,-5.42
1388,intersection,,3.42,-5.42
1389,intersection,,4.42,-5.42
1390,intersection,,5.42,-5.42
1391,intersection,,6.42,-5.42
1392,intersection,,7.42,-5.42
1393,intersection,,0.42,-6.42
1394,intersection,,1.42,-6.42
1395,intersection,,2.42,-6.42
1396,intersection,,3.42,-6.42
1397,intersection,,4.42,-6.42
1398,intersection,,5.42,-6.42
1399,intersection,,6.42,-6.42
1400,intersection,,7.42,-6.42
1401,intersection,,0.42,-7.42
1402,intersection,,1.42,-7.42
1403,intersection,,2.42,-7.42
1404,intersection,,3.42,-7.42
1405,intersection,,4.42,-7.42
1406,intersection,,5.42,-7.42
1407,intersection,,6.42,-7.42
1408,intersection,,7.42,-7.42
1409,intersection,,0.44,-0.44
1410,intersection,,1.44,-0.44
1411,intersection,,2.44,-0.44
1412,intersection,,3.44,-0.44
1413,intersection,,4.44,-0.44
1414,intersection,,5.44,-0.44
1415,intersection,,6.44,-0.44
1416,intersection,,7.44,-0.44
1417,intersection,,0.44,-1.44
1418,intersection,,1.44,-1.44
1419,intersection,,2.44,-1.44
1420,intersection,,3.44,-1.44
1421,intersection,,4.44,-1.44
1422,intersection,,5.44,-1.44
1423,intersection,,6.44,-1.44
1424,intersection,,7.44,-1.44
1425,intersection,,0.44,-2.44
1426,intersection,,1.44,-2.44
1427,intersection,,2.44,-2.44
1428,intersection,,3.44,-2.44
1429,intersection,,4.44,-2.44
1430,intersection,,5.44,-2.44
1431,intersection,,6.44,-2.44
1432,intersection,,7.44,-2.44
1433,intersection,,0.44,-3.44
1434,intersection,,1.44,-3.44
1435,intersection,,2.44,-3.44
1436,intersection,,3.44,-3.44
1437,intersection,,4.44,-3.44
1438,intersection,,5.44,-3.44
1439,intersection,,6.44,-3.44
1440,intersection,,7.44,-3.44
1441,intersection,,0.44,-4.44
1442,intersection,,1.44,-4.44
1443,intersection,,2.44,-4.44
1444,intersection,,3.44,-4.44
1445,intersection,,4.44,-4.44
1446,intersection,,5.44,-4.44
1447,intersection,,6.44,-4.44
1448,intersection,,7.44,-4.44
1449,intersection,,0.44,-5.44
1450,intersection,,1.44,-5.44
1451,intersection,,2.44,-5.44
1452,intersection,,3.44,-5.44
1453,intersection,,4.44,-5.44
1454,intersection,,5.44,-5.44
1455,intersection,,6.44,-5.44
1456,intersection,,7.44,-5.44
1457,intersection,,0.44,-6.44
1458,intersection,,1.44,-6.44
1459,intersection,,2.44,-6.44
1460,intersection,,3.44,-6.44
1461,intersection,,4.44,-6.44
1462,intersection,,5.44,-6.44
1463,intersection,,6.44,-6.44
1464,intersection,,7.44,-6.44
1465,intersection,,0.44,-7.44
1466,intersection,,1.44,-7.44
1467,intersection,,2.44,-7.44
1468,intersection,,3.44,-7.44
1469,intersection,,4.44,-7.44
1470,intersection,,5.44,-7.44
1471,intersection,,6.44,-7.44
1472,intersection,,7.44,-7.44
1473,intersection,,0.46,-0.46
1474,intersection,,1.46,-0.46
1475,intersection,,2.46,-0.46
1476,intersection,,3.46,-0.46
1477,intersection,,4.46,-0.46
1478,intersection,,5.46,-0.46
1479,intersection,,6.46,-0.46
1480,intersection,,7.46,-0.46
1481,intersection,,0.46,-1.46
1482,intersection,,1.46,-1.46
1483,intersection,,2.46,-1.46
1484,intersection,,3.46,-1.46
1485,intersection,,4.46,-1.46
1486,intersection,,5.46,-1.46
1487,intersection,,6.46,-1.46
1488,intersection,,7.46,-1.46
1489,intersection,,0.46,-2.46
1490,intersection,,1.46,-2.46
1491,intersection,,2.46,-2.46
1492,intersection,,3.46,-2.46
1493,intersection,,4.46,-2.46
1494,intersection,,5.46,-2.46
1495,intersection,,6.46,-2.46
1496,intersection,,7.46,-2.46
1497,intersection,,0.46,-3.46
1498,intersection,,1.46,-3.46
1499,intersection,,2.46,-3.46
1500,intersection,,3.46,-3.46
1501,intersection,,4.46,-3.46
1502,intersection,,5.46,-3.46
1503,intersection,,6.46,-3.46
1504,intersection,,7.46,-3.46
1505,intersection,,0.46,-4.46
1506,intersection,,1.46,-4.46
1507,intersection,,2.46,-4.46
1508,intersection,,3.46,-4.46
1509,intersection,,4.46,-4.46
1510,intersection,,5.46,-4.46
1511,intersection,,6.46,-4.46
1512,intersection,,7.46,-4.46
1513,intersection,,0.46,-5.46
1514,intersection,,1.46,-5.46
1515,intersection,,2.46,-5.46
1516,intersection,,3.46,-5.46
1517,intersection,,4.46,-5.46
1518,intersection,,5.46,-5.46
1519,intersection,,6.46,-5.46
1520,intersection,,7.46,-5.46
1521,intersection,,0.46,-6.46
1522,intersection,,1.46,-6.46
1523,intersection,,2.46,-6.46
1524,intersection,,3.46,-6.46
1525,intersection,,4.46,-6.46
1526,intersection,,5.46,-6.46
1527,intersection,,6.46,-6.46
1528,intersection,,7.46,-6.46
1529,intersection,,0.46,-7.46
1530,intersection,,1.46,-7.46
1531,intersection,,2.46,-7.46
1532,intersection,,3.46,-7.46
1533,intersection,,4.46,-7.46
1534,intersection,,5.46,-7.46
1535,intersection,,6.46,-7.46
1536,intersection,,7.46,-7.46
1537,intersection,,0.48,-0.48
1538,intersection,,1.48,-0.48
1539,intersection,,2.48,-0.48
1540,intersection,,3.48,-0.48
1541,intersection,,4.48,-0.48
1542,intersection,,5.48,-0.48
1543,intersection,,6.48,-0.48
1544,intersection,,7.48,-0.48
1545,intersection,,0.48,-1.48
1546,intersection,,1.48,-1.48
1547,intersection,,2.48,-1.48
1548,intersection,,3.48,-1.48
1549,intersection,,4.48,-1.48
1550,intersection,,5.48,-1.48
1551,intersection,,6.48,-1.48
1552,intersection,,7.48,-1.48
1553,intersection,,0.48,-2.48
1554,intersection,,1.48,-2.48
1555,intersection,,2.48,-2.48
1556,intersection,,3.48,-2.48
1557,intersection,,4.48,-2.48
1558,intersection,,5.48,-2.48
1559,intersection,,6.48,-2.48
1560,intersection,,7.48,-2.48
1561,intersection,,0.48,-3.48
1562,intersection,,1.48,-3.48
1563,intersection,,2.48,-3.48
1564,intersection,,3.48,-3.48
1565,intersection,,4.48,-3.48
1566,intersection,,5.48,-3.48
1567,intersection,,6.48,-3.48
1568,intersection,,7.48,-3.48
1569,intersection,,0.48,-4.48
1570,intersection,,1.48,-4.48
1571,intersection,,2.48,-4.48
1572,intersection,,3.48,-4.48
1573,intersection,,4.48,-4.48
1574,intersection,,5.48,-4.48
1575,intersection,,6.48,-4.48
1576,intersection,,7.48,-4.48
1577,intersection,,0.48,-5.48
1578,intersection,,1.48,-5.48
1579,intersection,,2.48,-5.48
1580,intersection,,3.48,-5.48
1581,intersection,,4.48,-5.48
1582,intersection,,5.48,-5.48
1583,intersection,,6.48,-5.48
1584,intersection,,7.48,-5.48
1585,intersection,,0.48,-6.48
1586,intersection,,1.48,-6.48
1587,intersection,,2.48,-6.48
1588,intersection,,3.48,-6.48
1589,intersection,,4.48,-6.48
1590,intersection,,5.48,-6.48
1591,intersection,,6.48,-6.48
1592,intersection,,7.48,-6.48
1593,intersection,,0.48,-7.48
1594,intersection,,1.48,-7.48
1595,intersection,,2.48,-7.48
1596,intersection,,3.48,-7.48
1597,intersection,,4.48,-7.48
1598,intersection,,5.48,-7.48
1599,intersection,,6.48,-7.48
1600,intersection,,7.48,-7.48
1601,intersection,,0.5,-0.5
1602,intersection,,1.5,-0.5
1603,intersection,,2.5,-0.5
1604,intersection,,3.5,-0.5
1605,intersection,,4.5,-0.5
1606,intersection,,5.5,-0.5
1607,intersection,,6.5,-0.5
1608,intersection,,7.5,-0.5
1609,intersection,,0.5,-1.5
1610,intersection,,1.5,-1.5
1611,intersection,,2.5,-1.5
1612,intersection,,3.5,-1.5
1613,intersection,,4.5,-1.5
1614,intersection,,5.5,-1.5
1615,intersection,,6.5,-1.5
1616,intersection,,7.5,-1.5
1617,intersection,,0.5,-2.5
1618,intersection,,1.5,-2.5
1619,intersection,,2.5,-2.5
1620,intersection,,3.5,-2.5
1621,intersection,,4.5,-2.5
1622,intersection,,5.5,-2.5
1623,intersection,,6.5,-2.5
1624,intersection,,7.5,-2.5
1625,intersection,,0.5,-3.5
1626,intersection,,1.5,-3.5
1627,intersection,,2.5,-3.5
1628,intersection,,3.5,-3.5
1629,intersection,,4.5,-3.5
1630,intersection,,5.5,-3.5
1631,intersection,,6.5,-3.5
1632,intersection,,7.5,-3.5
1633,intersection,,0.5,-4.5
1634,intersection,,1.5,-4.5
1635,intersection,,2.5,-4.5
1636,intersection,,3.5,-4.5
1637,intersection,,4.5,-4.5
1638,intersection,,5.5,-4.5
1639,intersection,,6.5,-4.5
1640,intersection,,7.5,-4.5
1641,intersection,,0.5,-5.5
1642,intersection,,1.5,-5.5
1643,intersection,,2.5,-5.5
1644,intersection,,3.5,-5.5
1645,intersection,,4.5,-5.5
1646,intersection,,5.5,-5.5
1647,intersection,,6.5,-5.5
1648,intersection,,7.5,-5.5
1649,intersection,,0.5,-6.5
1650,intersection,,1.5,-6.5
1651,intersection,,2.5,-6.5
1652,intersection,,3.5,-6.5
1653,intersection,,4.5,-6.5
1654,intersection,,5.5,-6.5
1655,intersection,,6.5,-6.5
1656,intersection,,7.5,-6.5
1657,intersection,,0.5,-7.5
1658,intersection,,1.5,-7.5
1659,intersection,,2.5,-7.5
1660,intersection,,3.5,-7.5
1661,intersection,,4.5,-7.5
1662,intersection,,5.5,-7.5
1663,intersection,,6.5,-7.5
1664,intersection,,7.5,-7.5
1665,intersection,,0.52,-0.52
1666,intersection,,1.52,-0.52
1667,intersection,,2.52,-0.52
1668,intersection,,3.52,-0.52
1669,intersection,,4.52,-0.52
1670,intersection,,5.52,-0.52
1671,intersection,,6.52,-0.52
1672,intersection,,7.52,-0.52
1673,intersection,,0.52,-1.52
1674,intersection,,1.52,-1.52
1675,intersection,,2.52,-1.52
1676,intersection,,3.52,-1.52
1677,intersection,,4.52,-1.52
1678,intersection,,5.52,-1.52
1679,intersection,,6.52,-1.52
1680,intersection,,7.52,-1.52
1681,intersection,,0.52,-2.52
1682,intersection,,1.52,-2.52
1683,intersection,,2.52,-2.52
1684,intersection,,3.52,-2.52
1685,intersection,,4.52,-2.52
1686,intersection,,5.52,-2.52
1687,intersection,,6.52,-2.52
1688,intersection,,7.52,-2.52
1689,intersection,,0.52,-3.52
1690,intersection,,1.52,-3.52
1691,intersection,,2.52,-3.52
1692,intersection,,3.52,-3.52
1693,intersection,,4.52,-3.52
1694,intersection,,5.52,-3.52
1695,intersection,,6.52,-3.52
1696,intersection,,7.52,-3.52
1697,intersection,,0.52,-4.52
1698,intersection,,1.52,-4.52
1699,intersection,,2.52,-4.52
1700,intersection,,3.52,-4.52
1701,intersection,,4.52,-4.52
1702,intersection,,5.52,-4.52
1703,intersection,,6.52,-4.52
1704,intersection,,7.52,-4.52
1705,intersection,,0.52,-5.52
1706,intersection,,1.52,-5.52
1707,intersection,,2.52,-5.52
1708,intersection,,3.52,-5.52
1709,intersection,,4.52,-5.52
1710,intersection,,5.52,-5.52
1711,intersection,,6.52,-5.52
1712,intersection,,7.52,-5.52
1713,intersection,,0.52,-6.52
1714,intersection,,1.52,-6.52
1715,intersection,,2.52,-6.52
1716,intersection,,3.52,-6.52
1717,intersection,,4.52,-6.52
1718,intersection,,5.52,-6.52
1719,intersection,,6.52,-6.52
1720,intersection,,7.52,-6.52
1721,intersection,,0.52,-7.52
1722,intersection,,1.52,-7.52
1723,intersection,,2.52,-7.52
1724,intersection,,3.52,-7.52
1725,intersection,,4.52,-7.52
1726,intersection,,5.52,-7.52
1727,intersection,,6.52,-7.52
1728,intersection,,7.52,-7.52
1729,intersection,,0.54,-0.54
1730,intersection,,1.54,-0.54
1731,intersection,,2.54,-0.54
1732,intersection,,3.54,-0.54
1733,intersection,,4.54,-0.54
1734,intersection,,5.54,-0.54
1735,intersection,,6.54,-0.54
1736,intersection,,7.54,-0.54
1737,intersection,,0.54,-1.54
1738,intersection,,1.54,-1.54
1739,intersection,,2.54,-1.54
1740,intersection,,3.54,-1.54
1741,intersection,,4.54,-1.54
1742,intersection,,5.54,-1.54
1743,intersection,,6.54,-1.54
1744,intersection,,7.54,-1.54
1745,intersection,,0.54,-2.54
1746,intersection,,1.54,-2.54
1747,intersection,,2.54,-2.54
1748,intersection,,3.54,-2.54
1749,intersection,,4.54,-2.54
1750,intersection,,5.54,-2.54
1751,intersection,,6.54,-2.54
1752,intersection,,7.54,-2.54
1753,intersection,,0.54,-3.54
1754,intersection,,1.54,-3.54
1755,intersection,,2.54,-3.54
1756,intersection,,3.54,-3.54
1757,intersection,,4.54,-3.54
1758,intersection,,5.54,-3.54
1759,intersection,,6.54,-3.54
1760,intersection,,7.54,-3.54
1761,intersection,,0.54,-4.54
1762,intersection,,1.54,-4.54
1763,intersection,,2.54,-4.54
1764,intersection,,3.54,-4.54
1765,intersection,,4.54,-4.54
1766,intersection,,5.54,-4.54
1767,intersection,,6.54,-4.54
1768,intersection,,7.54,-4.54
1769,intersection,,0.54,-5.54
1770,intersection,,1.54,-5.54
1771,intersection,,2.54,-5.54
1772,intersection,,3.54,-5.54
1773,intersection,,4.54,-5.54
1774,intersection,,5.54,-5.54
1775,intersection,,6.54,-5.54
1776,intersection,,7.54,-5.54
1777,intersection,,0.54,-6.54
1778,intersection,,1.54,-6.54
1779,intersection,,2.54,-6.54
1780,intersection,,3.54,-6.54
1781,intersection,,4.54,-6.54
1782,intersection,,5.54,-6.54
1783,intersection,,6.54,-6.54
1784,intersection,,7.54,-6.54
1785,intersection,,0.54,-7.54
1786,intersection,,1.54,-7.54
1787,intersection,,2.54,-7.54
1788,intersection,,3.54,-7.54
1789,intersection,,4.54,-7.54
1790,intersection,,5.54,-7.54
1791,intersection,,6.54,-7.54
1792,intersection,,7.54,-7.54
1793,intersection,,0.56,-0.56
1794,intersection,,1.56,-0.56
1795,intersection,,2.56,-0.56
1796,intersection,,3.56,-0.56
1797,intersection,,4.5600000000000005,-0.56
1798,intersection,,5.5600000000000005,-0.56
1799,intersection,,6.5600000000000005,-0.56
1800,intersection,,7.5600000000000005,-0.56
1801,intersection,,0.56,-1.56
1802,intersection,,1.56,-1.56
1803,intersection,,2.56,-1.56
1804,intersection,,3.56,-1.56
1805,intersection,,4.5600000000000005,-1.56
1806,intersection,,5.5600000000000005,-1.56
1807,intersection,,6.5600000000000005,-1.56
1808,intersection,,7.5600000000000005,-1.56
1809,intersection,,0.56,-2.56
1810,intersection,,1.56,-2.56
1811,intersection,,2.56,-2.56
1812,intersection,,3.56,-2.56
1813,intersection,,4.5600000000000005,-2.56
1814,intersection,,5.5600000000000005,-2.56
1815,intersection,,6.5600000000000005,-2.56
1816,intersection,,7.5600000000000005,-2.56
1817,intersection,,0.56,-3.56
1818,intersection,,1.56,-3.56
1819,intersection,,2.56,-3.56
1820,intersection,,3.56,-3.56
1821,intersection,,4.5600000000000005,-3.56
1822,intersection,,5.5600000000000005,-3.56
1823,intersection,,6.5600000000000005,-3.56
1824,intersection,,7.5600000000000005,-3.56
1825,intersection,,0.56,-4.5600000000000005
1826,intersection,,1.56,-4.5600000000000005
1827,intersection,,2.56,-4.5600000000000005
1828,intersection,,3.56,-4.5600000000000005
1829,intersection,,4.5600000000000005,-4.5600000000000005
1830,intersection,,5.5600000000000005,-4.5600000000000005
1831,intersection,,6.5600000000000005,-4.5600000000000005
1832,intersection,,7.5600000000000005,-4.5600000000000005
1833,intersection,,0.56,-5.5600000000000005
1834,intersection,,1.56,-5.5600000000000005
1835,intersection,,2.56,-5.5600000000000005
1836,intersection,,3.56,-5.5600000000000005
1837,intersection,,4.5600000000000005,-5.5600000000000005
1838,intersection,,5.5600000000000005,-5.5600000000000005
1839,intersection,,6.5600000000000005,-5.5600000000000005
1840,intersection,,7.5600000000000005,-5.5600000000000005
1841,intersection,,0.56,-6.5600000000000005
1842,intersection,,1.56,-6.5600000000000005
1843,intersection,,2.56,-6.5600000000000005
1844,intersection,,3.56,-6.5600000000000005
1845,intersection,,4.5600000000000005,-6.5600000000000005
1846,intersection,,5.5600000000000005,-6.5600000000000005
1847,intersection,,6.5600000000000005,-6.5600000000000005
1848,intersection,,7.5600000000000005,-6.5600000000000005
1849,intersection,,0.56,-7.5600000000000005
1850,intersection,,1.56,-7.5600000000000005
1851,intersection,,2.56,-7.5600000000000005
1852,intersection,,3.56,-7.5600000000000005
1853,intersection,,4.5600000000000005,-7.5600000000000005
1854,intersection,,5.5600000000000005,-7.5600000000000005
1855,intersection,,6.5600000000000005,-7.5600000000000005
1856,intersection,,7.5600000000000005,-7.5600000000000005
1857,intersection,,0.58,-0.58
1858,intersection,,1.58,-0.58
1859,intersection,,2.58,-0.58
1860,intersection,,3.58,-0.58
1861,intersection,,4.58,-0.58
1862,intersection,,5.58,-0.58
1863,intersection,,6.58,-0.58
1864,intersection,,7.58,-0.58
1865,intersection,,0.58,-1.58
1866,intersection,,1.58,-1.58
1867,intersection,,2.58,-1.58
1868,intersection,,3.58,-1.58
1869,intersection,,4.58,-1.58
1870,intersection,,5.58,-1.58
1871,intersection,,6.58,-1.58
1872,intersection,,7.58,-1.58
1873,intersection,,0.58,-2.58
1874,intersection,,1.58,-2.58
1875,intersection,,2.58,-2.58
1876,intersection,,3.58,-2.58
1877,intersection,,4.58,-2.58
1878,intersection,,5.58,-2.58
1879,intersection,,6.58,-2.58
1880,intersection,,7.58,-2.58
1881,intersection,,0.58,-3.58
1882,intersection,,1.58,-3.58
1883,intersection,,2.58,-3.58
1884,intersection,,3.58,-3.58
1885,intersection,,4.58,-3.58
1886,intersection,,5.58,-3.58
1887,intersection,,6.58,-3.58
1888,intersection,,7.58,-3.58
1889,intersection,,0.58,-4.58
1890,intersection,,1.58,-4.58
1891,intersection,,2.58,-4.58
1892,intersection,,3.58,-4.58
1893,intersection,,4.58,-4.58
1894,intersection,,5.58,-4.58
1895,intersection,,6.58,-4.58
1896,intersection,,7.58,-4.58
1897,intersection,,0.58,-5.58
1898,intersection,,1.58,-5.58
1899,intersection,,2.58,-5.58
1900,intersection,,3.58,-5.58
1901,intersection,,4.58,-5.58
1902,intersection,,5.58,-5.58
1903,intersection,,6.58,-5.58
1904,intersection,,7.58,-5.58
1905,intersection,,0.58,-6.58
1906,intersection,,1.58,-6.58
1907,intersection,,2.58,-6.58
1908,intersection,,3.58,-6.58
1909,intersection,,4.58,-6.58
1910,intersection,,5.58,-6.58
1911,intersection,,6.58,-6.58
1912,intersection,,7.58,-6.58
1913,intersection,,0.58,-7.58
1914,intersection,,1.58,-7.58
1915,intersection,,2.58,-7.58
1916,intersection,,3.58,-7.58
1917,intersection,,4.58,-7.58
1918,intersection,,5.58,-7.58
1919,intersection,,6.58,-7.58
1920,intersection,,7.58,-7.58
