iteration,relative_gap,wall_time_s
1,9.130638267997767,0.0
2,0.8174940227228077,0.0
3,0.2961995648645263,0.0
4,0.1966591561646486,0.004752635955810547
5,0.24086064675387933,0.004752635955810547
6,0.11107603771996205,0.004752635955810547
7,0.14660806125200196,0.004752635955810547
8,0.06771395336311024,0.004752635955810547
9,0.08183111781600452,0.004752635955810547
10,0.04839688398049925,0.009820222854614258
11,0.07054645814956527,0.011195182800292969
12,0.0329562613394283,0.011195182800292969
13,0.04775726771265357,0.011195182800292969
14,0.026105981411170313,0.011195182800292969
15,0.04150125014951946,0.014976263046264648
16,0.017368427486666425,0.017517566680908203
17,0.030101578089205366,0.019524812698364258
18,0.016507849368342452,0.021530866622924805
19,0.01734600165631122,0.021530866622924805
20,0.01349095829854041,0.021530866622924805
21,0.01451347343965297,0.021530866622924805
22,0.012062892068755401,0.024776458740234375
23,0.010892883990281578,0.024776458740234375
24,0.011255733049134116,0.024776458740234375
25,0.009671265946024932,0.024776458740234375
26,0.012446967102401625,0.024776458740234375
27,0.007941964671890449,0.024776458740234375
28,0.014036481828589676,0.029793500900268555
29,0.006750513472628087,0.032331228256225586
30,0.006961806614036154,0.032331228256225586
31,0.00911406036997821,0.032331228256225586
32,0.005941174239259632,0.03902435302734375
33,0.006331788185092042,0.04105782508850098
34,0.006048485176064172,0.04246211051940918
35,0.008510330559939596,0.04246211051940918
36,0.004647566289266596,0.04246211051940918
37,0.005281138210738242,0.04891490936279297
38,0.00477462756725679,0.04891490936279297
39,0.005135913040720191,0.04891490936279297
40,0.004400376361086078,0.04891490936279297
41,0.005791494307237554,0.05376553535461426
42,0.004191853353481085,0.05376553535461426
43,0.0045469239902761254,0.05376553535461426
44,0.0041585868225659075,0.05376553535461426
45,0.004163212485375666,0.05376553535461426
46,0.003665197626966872,0.05376553535461426
47,0.0042398454672952675,0.058854103088378906
48,0.003935382554439616,0.058854103088378906
49,0.003084923701659864,0.058854103088378906
50,0.003843732450534411,0.058854103088378906
51,0.003460083090035488,0.058854103088378906
52,0.0031439358523100195,0.058854103088378906
53,0.002840940488062738,0.06396293640136719
54,0.00428321641334402,0.06566691398620605
55,0.0026952217723271383,0.0686337947845459
56,0.003043648731978693,0.07038617134094238
57,0.0030413912435180873,0.07038617134094238
58,0.0028936591406033218,0.07038617134094238
59,0.0028627739805392855,0.07549381256103516
60,0.0025490781133917935,0.07549381256103516
61,0.0026420775843477165,0.08267378807067871
62,0.002621290585654853,0.0846712589263916
63,0.002427081439911601,0.08667373657226562
64,0.003983905688312979,0.08875250816345215
65,0.0020431872852578006,0.08975529670715332
66,0.0022695228349733356,0.08975529670715332
67,0.002406022021000736,0.09522676467895508
68,0.002137940367345422,0.09866666793823242
69,0.0022725361813357168,0.09938311576843262
70,0.0022946971909793396,0.10374999046325684
71,0.0021672012015506678,0.10374999046325684
72,0.0020244886213477424,0.10374999046325684
73,0.0018757157601524083,0.11098456382751465
74,0.0026006560056534133,0.1129908561706543
75,0.0019419600484790456,0.11538410186767578
76,0.0024036762906255874,0.11687493324279785
77,0.0016935747792527296,0.11687493324279785
78,0.0021448082667928714,0.12162351608276367
79,0.0018607317096270449,0.12162351608276367
80,0.001976220606238167,0.12162351608276367
81,0.001847348705341685,0.12676239013671875
82,0.0023441602251027707,0.12676239013671875
83,0.0015676512311552627,0.12676239013671875
84,0.002217668264898251,0.13277101516723633
85,0.0017762425518236986,0.13277101516723633
86,0.001609066907101773,0.13277101516723633
87,0.002098990494952595,0.13277101516723633
88,0.0015389093175838446,0.13277101516723633
89,0.0016487655606761526,0.13277101516723633
90,0.0015951940741573136,0.13828611373901367
91,0.0016950788306106807,0.13828611373901367
92,0.001640318032842035,0.14362668991088867
93,0.001591776363264734,0.14362668991088867
94,0.001546469569264915,0.14850592613220215
95,0.0015069385678853314,0.14947056770324707
96,0.0016904049309599406,0.14947056770324707
97,0.0014547705189099276,0.14947056770324707
98,0.0014669812988842854,0.14947056770324707
99,0.0013955215344119993,0.15490198135375977
100,0.001659176445682289,0.15490198135375977
101,0.0012940836876621307,0.1593303680419922
102,0.0015162624062870014,0.1593303680419922
103,0.0013934691523581617,0.16441726684570312
104,0.0013372095602374424,0.16639041900634766
105,0.001577525848277696,0.16639041900634766
106,0.001367422592468119,0.1718273162841797
107,0.0012911937219927754,0.1718273162841797
108,0.0012195364262544896,0.1718273162841797
109,0.0015333672401931806,0.17823004722595215
110,0.0011709199142419914,0.18022823333740234
111,0.0017275817728748988,0.1832273006439209
112,0.0011638151836103983,0.18634676933288574
113,0.0011954868508379454,0.1884768009185791
114,0.001081248263208221,0.19042015075683594
115,0.001263057644463776,0.1924424171447754
116,0.0012771067908112718,0.19434380531311035
117,0.0011113639474501268,0.19542288780212402
118,0.0013157674062703332,0.196455717086792
119,0.0013010171117031843,0.19934773445129395
120,0.0011506204326263217,0.20142793655395508
121,0.0012922399063493354,0.20342755317687988
122,0.0011905963162326875,0.20543408393859863
123,0.0012016094426678526,0.20743513107299805
124,0.0010600389069110865,0.20943784713745117
125,0.001166062738404835,0.21143174171447754
126,0.0010217620402185876,0.21351981163024902
127,0.0010641722587424194,0.21642851829528809
128,0.00112906787815869,0.21729278564453125
129,0.001005540508498205,0.21729278564453125
130,0.0011893191660908749,0.2216181755065918
131,0.0009673998067569173,0.22362947463989258
132,0.001103039822458556,0.22664117813110352
133,0.0011092520040977875,0.22864627838134766
134,0.0009720105725158074,0.2306513786315918
135,0.0011604469174915251,0.2327275276184082
136,0.0009909849777882376,0.2327275276184082
137,0.0010323311459032964,0.23807835578918457
138,0.001090635547688149,0.23807835578918457
139,0.0011056005696047045,0.24318194389343262
140,0.0008666388356876261,0.24318194389343262
141,0.0011938233936556494,0.24318194389343262
142,0.0008983153484003678,0.2500631809234619
143,0.0014445212112416692,0.2500631809234619
144,0.000911371668281463,0.2544388771057129
145,0.001063645491236856,0.2544388771057129
146,0.0010255115556976582,0.2544388771057129
147,0.0008437641210197652,0.2595515251159668
148,0.0011384553585936017,0.2595515251159668
149,0.0008510306048772491,0.26543235778808594
150,0.0010206292627897868,0.2664370536804199
151,0.0008776831216732147,0.2664370536804199
152,0.000823252919555468,0.27081894874572754
153,0.0010775441707303606,0.27081894874572754
154,0.0009464471520041287,0.2760915756225586
155,0.0008093724663610273,0.2760915756225586
156,0.0010529728585438013,0.2760915756225586
157,0.0007659581954709113,0.28246545791625977
158,0.000819924784899691,0.28246545791625977
159,0.0009227933858488801,0.28246545791625977
160,0.0008702571745498494,0.2875938415527344
161,0.0008557614288916727,0.2875938415527344
162,0.0007356944030727068,0.2875938415527344
163,0.0008171823401883743,0.2875938415527344
164,0.0009260174671249558,0.29270124435424805
165,0.0008622212888031665,0.29270124435424805
166,0.000903505177645612,0.29270124435424805
167,0.0007627014614274403,0.29270124435424805
168,0.0011113383992926032,0.29270124435424805
169,0.0007445237911037452,0.29270124435424805
170,0.0009000053416574117,0.2977776527404785
171,0.0007233381113183878,0.29895973205566406
172,0.0008083094431929628,0.2999594211578369
173,0.0007344835635396327,0.30095720291137695
174,0.0008551160514380652,0.3019602298736572
175,0.0007028496486067624,0.3029603958129883
176,0.0007061321017655332,0.3029603958129883
177,0.0008320480763886996,0.30396008491516113
178,0.0007889480731023935,0.30503392219543457
179,0.0007306158210379479,0.3060169219970703
180,0.0010636993846089118,0.30701589584350586
181,0.0006646740442658093,0.30701589584350586
182,0.0008101200725145849,0.3080482482910156
183,0.0007242034804776579,0.3089580535888672
184,0.0007079358355021374,0.3089580535888672
185,0.0007716121021683367,0.3089580535888672
186,0.0008284386516530925,0.3089580535888672
187,0.0006463780601258558,0.3089580535888672
188,0.0008199715398517274,0.3089580535888672
189,0.0007595475170114574,0.31622958183288574
190,0.0007683501616182928,0.31622958183288574
191,0.0008365378381172145,0.3214147090911865
192,0.0006349771188499444,0.3214147090911865
193,0.000672942658057442,0.3214147090911865
194,0.000641196194484084,0.3214147090911865
195,0.0006173813447343956,0.3214147090911865
196,0.001038725646303044,0.3214147090911865
197,0.000639704493463161,0.32665133476257324
198,0.0008190939942664916,0.32665133476257324
199,0.0006724066812473988,0.33234572410583496
200,0.0006448242275434828,0.333301305770874
201,0.0007010869539844103,0.333301305770874
202,0.0006736195811160785,0.333301305770874
203,0.0006227456442843397,0.333301305770874
204,0.000727519125113078,0.333301305770874
205,0.0005951144799634215,0.333301305770874
206,0.0006917817598382603,0.3388371467590332
207,0.0005660998476172045,0.3388371467590332
208,0.0007012476679680148,0.3388371467590332
209,0.0005656655905160062,0.34384894371032715
210,0.0008401124696861176,0.34384894371032715
211,0.0006190695775934443,0.34954023361206055
212,0.0006118800774778826,0.34954023361206055
213,0.0007492223561602722,0.34954023361206055
214,0.0005813115217395077,0.34954023361206055
215,0.0005776920332925003,0.34954023361206055
216,0.0007231465369356927,0.34954023361206055
217,0.000577300358760357,0.35465550422668457
218,0.0007768490608850356,0.35465550422668457
219,0.0005474395637133847,0.35465550422668457
220,0.0008850753022038299,0.35465550422668457
221,0.0005783916058125108,0.35465550422668457
222,0.000639801700740553,0.35465550422668457
223,0.0005395270454701583,0.3592500686645508
224,0.0005049429747531371,0.3592500686645508
225,0.0005760294660120035,0.3592500686645508
226,0.0007692972114337985,0.3592500686645508
227,0.0005623067895437248,0.3592500686645508
228,0.0006770587784703932,0.3592500686645508
229,0.0005390103630036535,0.3649451732635498
230,0.0007114148365250575,0.3658137321472168
231,0.0005428930698015049,0.3700895309448242
232,0.0007331888349855593,0.3700895309448242
233,0.0004974961996975486,0.3700895309448242
234,0.0006401583536600645,0.3756544589996338
235,0.0005650353451800969,0.3756544589996338
236,0.0005276331751830482,0.3756544589996338
237,0.0008155910827202693,0.382190465927124
238,0.0004889686962646743,0.382190465927124
239,0.0004985169488480589,0.382190465927124
240,0.0006176590367606183,0.382190465927124
241,0.0005166981915870165,0.382190465927124
242,0.0005725249007726454,0.3877522945404053
243,0.0005885911671796276,0.3877522945404053
244,0.000510071399678292,0.3877522945404053
245,0.0005926580888663317,0.3877522945404053
246,0.0005414339009731412,0.3877522945404053
247,0.000709618401042633,0.3877522945404053
248,0.00045365738224501873,0.392824649810791
249,0.0008493419513351809,0.392824649810791
250,0.00042970149294075435,0.3941035270690918
251,0.0005597067237249887,0.3950338363647461
252,0.0005565967177325217,0.3961162567138672
253,0.00047118523763421623,0.3961162567138672
254,0.0005784452330198609,0.39903759956359863
255,0.000457559959386344,0.4010329246520996
256,0.0005434273528034733,0.4030320644378662
257,0.0005030029528348024,0.40412402153015137
258,0.000539467668490973,0.40412402153015137
259,0.0005617544676312614,0.4051220417022705
260,0.0004740052548393927,0.40618133544921875
261,0.0005816057414098271,0.40717649459838867
262,0.0004376056147635751,0.40817952156066895
263,0.0005229517566354103,0.41054654121398926
264,0.000564569192070207,0.412548303604126
265,0.000549151493394347,0.4135468006134033
266,0.00047666145421877405,0.41554689407348633
267,0.0006159920816132861,0.4175436496734619
268,0.00044167066805670085,0.41854310035705566
269,0.0005397453704878037,0.41854310035705566
270,0.00045518913047417036,0.41854310035705566
271,0.0004643743373467999,0.41854310035705566
272,0.0005458274053485496,0.41854310035705566
273,0.0004752138357080756,0.41854310035705566
274,0.00046869367492880914,0.4239978790283203
275,0.0004649596789987478,0.4239978790283203
276,0.0005051463115379669,0.4291422367095947
277,0.0004595332979520184,0.43285131454467773
278,0.0006917550865483339,0.43285131454467773
279,0.00040739187898136697,0.43285131454467773
280,0.0005779712982932349,0.4371340274810791
281,0.0004334746622030168,0.43914365768432617
282,0.0005152333485869691,0.43914365768432617
283,0.00040891646826979273,0.44115686416625977
284,0.0006421005678402827,0.4421677589416504
285,0.0004410355030166115,0.4421677589416504
286,0.0004944182284701507,0.4441854953765869
287,0.00041886221107100425,0.4441854953765869
288,0.0005273899394939932,0.4441854953765869
289,0.00040071446310885187,0.4462094306945801
290,0.0005047149044445801,0.44722509384155273
291,0.0004220258535082556,0.45021891593933105
292,0.0006723391995845481,0.4509272575378418
293,0.0003694990624037684,0.4509272575378418
294,0.0005409558438710597,0.4539015293121338
295,0.0004147010370299444,0.45492100715637207
296,0.00048168669637894365,0.45492100715637207
297,0.0004194783183087406,0.4569401741027832
298,0.0006095543168959893,0.4569401741027832
299,0.00040582424928389333,0.4569401741027832
300,0.00048472524498262997,0.4589548110961914
301,0.00043980457725734573,0.4589548110961914
302,0.00039852981610145205,0.4589548110961914
303,0.000514039694560038,0.4589548110961914
304,0.0004192835495863432,0.4589548110961914
305,0.0005989768931925119,0.4589548110961914
306,0.0003817538994848181,0.4654700756072998
307,0.0004369224442729101,0.46637773513793945
308,0.0004165250149783007,0.46637773513793945
309,0.000367168532231972,0.46637773513793945
310,0.00044899224308580024,0.46637773513793945
311,0.0004114443474982522,0.46637773513793945
312,0.0003671589434303704,0.4708569049835205
313,0.0006479262473121037,0.4708569049835205
314,0.00036907830594267116,0.4708569049835205
315,0.00034663839194490337,0.4708569049835205
316,0.00040448822532180136,0.4708569049835205
317,0.0004832628350262126,0.4708569049835205
318,0.00039756429685022993,0.47694969177246094
319,0.0005049471653029594,0.47694969177246094
320,0.000389553332168757,0.47694969177246094
321,0.00043613591969452495,0.47694969177246094
322,0.0004046565504089309,0.47694969177246094
323,0.00047319311260677347,0.4821326732635498
324,0.00037570253448622416,0.48314476013183594
325,0.0004472190031710713,0.48314476013183594
326,0.00037281344478337067,0.48314476013183594
327,0.0004753543171897039,0.48314476013183594
328,0.0003770821235289957,0.48314476013183594
329,0.000338630671200426,0.48314476013183594
330,0.00045046783776213145,0.48830151557922363
331,0.00041726293434802994,0.4897725582122803
332,0.0003591306042174315,0.4897725582122803
333,0.0003658201023155562,0.49199748039245605
334,0.00042846769277239254,0.49199748039245605
335,0.0003728671355869395,0.49379730224609375
336,0.0004394637730907478,0.49379730224609375
337,0.0003820675385611977,0.49379730224609375
338,0.00037382289351261866,0.49379730224609375
339,0.00043933029360338004,0.49379730224609375
340,0.00037588243045975396,0.49934983253479004
341,0.000370383751364405,0.49934983253479004
342,0.0004039229024760694,0.49934983253479004
343,0.000378337244755599,0.49934983253479004
344,0.00040151489437408483,0.49934983253479004
345,0.0003814527567007962,0.5037355422973633
346,0.00043127682435783115,0.5037355422973633
347,0.00034077140326947475,0.5037355422973633
348,0.0003513735771061443,0.5037355422973633
349,0.00037567006607150416,0.5037355422973633
350,0.0003689471161471672,0.5037355422973633
351,0.00044085114940846604,0.5037355422973633
352,0.00035267204622143824,0.50923752784729
353,0.0004325058452295559,0.50923752784729
354,0.0003172431116301188,0.50923752784729
355,0.0004281977866538814,0.50923752784729
356,0.0003524074580733016,0.50923752784729
357,0.000422954387913714,0.50923752784729
358,0.0003561560580922747,0.5156776905059814
359,0.0004279354932264401,0.517674446105957
360,0.00035386107796965175,0.5196776390075684
361,0.0003832597548693708,0.5217463970184326
362,0.0003554893415215997,0.523766279220581
363,0.00032258400111107206,0.5247633457183838
364,0.00037206769400485273,0.5257539749145508
365,0.0003528529033725245,0.5267515182495117
366,0.0003549447461723192,0.5267515182495117
367,0.000395455454281557,0.5277719497680664
368,0.0003216110510517909,0.5277719497680664
369,0.00039740499293335996,0.5277719497680664
370,0.0003435059318375216,0.5277719497680664
371,0.0003687898643477101,0.5322830677032471
372,0.0003831646584989645,0.5322830677032471
373,0.0003404185644969819,0.5322830677032471
374,0.0003733010512529308,0.5372576713562012
375,0.000325224841509843,0.5372576713562012
376,0.0003363499827390526,0.5372576713562012
377,0.00037523340610713765,0.5372576713562012
378,0.00034155606464663133,0.5372576713562012
379,0.00036418138547553337,0.5425658226013184
380,0.00029665400748500907,0.5425658226013184
381,0.0004437091576182527,0.5425658226013184
382,0.0003081613500070651,0.5425658226013184
383,0.0004482613464511049,0.5425658226013184
384,0.00032942792842646974,0.5425658226013184
385,0.00036463393323632763,0.5492684841156006
386,0.0003347359386251214,0.5492684841156006
387,0.00032986712415510223,0.5492684841156006
388,0.00031743287640417875,0.5492684841156006
389,0.0003009475395448274,0.5492684841156006
390,0.0003470037582386744,0.5536112785339355
391,0.0003171927223264465,0.5536112785339355
392,0.0004406461784976667,0.5551774501800537
393,0.00030033819407749424,0.5551774501800537
394,0.0005397443478461424,0.5551774501800537
395,0.00027252473190426013,0.5551774501800537
396,0.000376242276452198,0.5587542057037354
397,0.000337196268537576,0.5587542057037354
398,0.0003300782646078001,0.5587542057037354
399,0.0003046351591347473,0.5587542057037354
400,0.00035731047843881987,0.5587542057037354
401,0.0003050754461734761,0.5587542057037354
402,0.00031088729447708414,0.563823938369751
403,0.00032324508906686434,0.565485954284668
404,0.00028684924146394296,0.565485954284668
405,0.0005662912810275078,0.5705280303955078
406,0.00026504137622258833,0.5705280303955078
407,0.000312690900001603,0.5705280303955078
408,0.0002871923192874648,0.5705280303955078
409,0.0003114444375551217,0.5756194591522217
410,0.00030449773993867265,0.5756194591522217
411,0.00034189525631827194,0.5756194591522217
412,0.0003321600027339838,0.5825080871582031
413,0.0002850591032445056,0.5825080871582031
414,0.00049900929536037,0.5825080871582031
415,0.0002598291658738235,0.5825080871582031
416,0.0003522709557836494,0.5825080871582031
417,0.0003004681063778264,0.5825080871582031
418,0.0003487367507706793,0.5879647731781006
419,0.00032101470126864726,0.5879647731781006
420,0.0002975788240188348,0.5932557582855225
421,0.00037615618268223625,0.5932557582855225
422,0.0002896864947397007,0.5932557582855225
423,0.00026315086895987473,0.5932557582855225
424,0.0003550644071296687,0.5991828441619873
425,0.0002521621776499536,0.5991828441619873
426,0.0003862487267969831,0.6037373542785645
427,0.0003053274249352945,0.6037373542785645
428,0.00039784671954047753,0.6037373542785645
429,0.0002713714146053149,0.6037373542785645
430,0.00034105411716944285,0.6037373542785645
431,0.0002947942123686147,0.6037373542785645
432,0.00027669352540748065,0.6088085174560547
433,0.00038719024976374586,0.6088085174560547
434,0.0002584102163975297,0.6088085174560547
435,0.00033900106668529174,0.6088085174560547
436,0.00026884666828364554,0.6088085174560547
437,0.00032329635765613836,0.6088085174560547
438,0.00027645975768103847,0.615408182144165
439,0.00032564754780755863,0.615408182144165
440,0.00031515869705627295,0.615408182144165
441,0.00027414973569729465,0.615408182144165
442,0.00047231393845017735,0.615408182144165
443,0.0002759985160079397,0.615408182144165
444,0.0002988973269220271,0.6208422183990479
445,0.00024006384942865808,0.6208422183990479
446,0.00031850681454423634,0.6208422183990479
447,0.0002629629982069791,0.6208422183990479
448,0.0003266598395848754,0.6208422183990479
449,0.00029349695531611205,0.6208422183990479
450,0.0002492885946274577,0.6259458065032959
451,0.0002768224333919689,0.62715744972229
452,0.00029782149610240214,0.6281557083129883
453,0.0003285375385861012,0.6291582584381104
454,0.0002638593233009513,0.632159948348999
455,0.0003740553813589638,0.6331663131713867
456,0.00024014770991994926,0.6341583728790283
457,0.0003092933524291761,0.6351578235626221
458,0.0002668435912710492,0.6362500190734863
459,0.00032444693726139,0.6362500190734863
460,0.00027496955081258463,0.6372330188751221
461,0.000323448058418944,0.6372330188751221
462,0.00022234944100138506,0.6372330188751221
463,0.00034551156705807227,0.6372330188751221
464,0.0002926288266229388,0.6372330188751221
465,0.00026999379282258997,0.6372330188751221
466,0.0002732505817873326,0.6444852352142334
467,0.00033174614408865426,0.6464931964874268
468,0.0002475246309047058,0.6494219303131104
469,0.00031286066247958,0.6494219303131104
470,0.00026870155830116234,0.6509361267089844
471,0.00027736327451553344,0.6521320343017578
472,0.00029543400298109835,0.6526813507080078
473,0.00025271817904749404,0.6537764072418213
474,0.0002886228440806643,0.6543192863464355
475,0.00029893869450897936,0.6553802490234375
476,0.00027592407781403916,0.6559238433837891
477,0.0002856142457342887,0.6570279598236084
478,0.0002602351490997725,0.6575684547424316
479,0.0003474554833666034,0.660118818283081
480,0.0002678607825800334,0.660118818283081
481,0.00029716851998670473,0.6621224880218506
482,0.0002497270294805056,0.663776159286499
483,0.0002849023392240656,0.665790319442749
484,0.00026371525931724,0.665790319442749
485,0.00027198712738297435,0.665790319442749
486,0.0002388036008640302,0.665790319442749
487,0.00039801443941280516,0.665790319442749
488,0.00024553292481643846,0.665790319442749
489,0.00026169031339409575,0.6713411808013916
490,0.00022848869665928823,0.6713411808013916
491,0.00036903093173545415,0.6759417057037354
492,0.00022265819476929147,0.6759417057037354
493,0.0003246950122960748,0.6759417057037354
494,0.00022621007555603695,0.6759417057037354
495,0.0003700878822133163,0.6822400093078613
496,0.00022005046825719803,0.682668924331665
497,0.0002829142509482402,0.682668924331665
498,0.0002566743760076698,0.682668924331665
499,0.0003428794696869917,0.682668924331665
500,0.00024669273379043994,0.682668924331665
501,0.00024953722615190323,0.6875495910644531
502,0.00026034770962368676,0.6875495910644531
503,0.0002518298371452853,0.6875495910644531
504,0.0002720266965608748,0.6875495910644531
505,0.0002418858775269044,0.6875495910644531
506,0.00025244527879836847,0.6875495910644531
507,0.00025669472218607984,0.6875495910644531
508,0.0002619621875793904,0.6929049491882324
509,0.0002732785899359095,0.6929049491882324
510,0.000232385172767115,0.6929049491882324
511,0.000259810222511899,0.6929049491882324
512,0.0003043550916103368,0.6929049491882324
513,0.00022936233022751175,0.6929049491882324
514,0.0003024240018230772,0.6991095542907715
515,0.0002508189078902363,0.6991095542907715
516,0.00023244292619120231,0.6991095542907715
517,0.00035483608533486285,0.7037107944488525
518,0.00022159838865359885,0.7037107944488525
519,0.00029656400481018684,0.7037107944488525
520,0.00022319706035109832,0.7037107944488525
521,0.0002727453576583273,0.7037107944488525
522,0.00021723002696728618,0.7037107944488525
523,0.00027471859014299363,0.7037107944488525
524,0.00022028599638438624,0.711273193359375
525,0.0002714793685670421,0.7132706642150879
526,0.00025218375161478143,0.7162730693817139
527,0.00023751755082174913,0.7182700634002686
528,0.00023119734728539872,0.7203912734985352
529,0.0002715470609460489,0.7223474979400635
530,0.00021977630235823324,0.7233362197875977
531,0.0002741991766002163,0.7243285179138184
532,0.0002381979683810237,0.725353479385376
533,0.0002484891571686941,0.7263467311859131
534,0.00024832999117190566,0.7272672653198242
535,0.00026823609262494226,0.728266716003418
536,0.00021527166786425607,0.7293925285339355
537,0.0003161662970366806,0.7293925285339355
538,0.00022001258585295546,0.7306699752807617
539,0.0002358816456002752,0.732672929763794
540,0.00023160732277950136,0.7356686592102051
541,0.0002456537938312327,0.7376675605773926
542,0.0002314969154646715,0.7386672496795654
543,0.0002582469518271353,0.7416741847991943
544,0.00022989435963210366,0.7436766624450684
545,0.00023368982093130243,0.7456772327423096
546,0.0002001120095439038,0.746748685836792
547,0.0002818464003806863,0.7493112087249756
548,0.0002512109382158018,0.7493112087249756
549,0.00021601692505693356,0.7493112087249756
550,0.0002326152865372799,0.7493112087249756
551,0.00021805213290210278,0.7493112087249756
552,0.0001958676926586975,0.7540843486785889
553,0.0003532958835908485,0.7556941509246826
554,0.00021905428239922019,0.7556941509246826
555,0.00025807469252208835,0.7593302726745605
556,0.00021243512426168825,0.7593302726745605
557,0.0003539598512219099,0.7593302726745605
558,0.00021837165260749644,0.7593302726745605
559,0.00025046191052205256,0.7593302726745605
560,0.00021291855471375262,0.765617847442627
561,0.00029098727400927364,0.765617847442627
562,0.00021711715939225107,0.765617847442627
563,0.00023827171344177964,0.7710304260253906
564,0.00020957066456923695,0.7710304260253906
565,0.0003222517284760812,0.7710304260253906
566,0.00021977261730027583,0.7710304260253906
567,0.0002333468597385066,0.7765607833862305
568,0.00020330962341205948,0.7765607833862305
569,0.00024255361823674582,0.7765607833862305
570,0.00022704645432795832,0.7765607833862305
571,0.00020634191764060247,0.7765607833862305
572,0.0002914209996778286,0.7826571464538574
573,0.00020409498396307664,0.7826571464538574
574,0.00019990590287132404,0.7826571464538574
575,0.00022342863427829342,0.7826571464538574
576,0.00023176120766582906,0.7826571464538574
577,0.0002296207676478079,0.7866945266723633
578,0.0002513127532082547,0.7866945266723633
579,0.00021768841997143448,0.7866945266723633
580,0.00021154174141045293,0.7866945266723633
581,0.0002249513444944349,0.7866945266723633
582,0.00024307126478405582,0.7866945266723633
583,0.00021026603693920828,0.7917685508728027
584,0.00022674895953839536,0.7917685508728027
585,0.000205368003254036,0.7917685508728027
586,0.00029181077753307513,0.7917685508728027
587,0.0002003097963130161,0.7917685508728027
588,0.0002452088238229318,0.7917685508728027
589,0.0001979116537318295,0.7988450527191162
590,0.0002674432818569998,0.7997486591339111
591,0.00020777260514854337,0.8040847778320312
592,0.00029367159864448746,0.8060932159423828
593,0.00019264640703449352,0.8080971240997314
594,0.0002504194395639767,0.8091001510620117
595,0.0002150545414687748,0.8091001510620117
596,0.00023357999891100543,0.8156251907348633
597,0.00019903252493602488,0.8164322376251221
598,0.00020580153895285113,0.8164322376251221
599,0.00020796266327059154,0.821202278137207
600,0.00023575707723878363,0.821202278137207
601,0.0002274550531407711,0.821202278137207
602,0.0002042074265442689,0.821202278137207
603,0.0002320988765392551,0.8264219760894775
604,0.00020717450146637617,0.8264219760894775
605,0.00018646733970852013,0.8264219760894775
606,0.0003435291898734275,0.8264219760894775
607,0.0001948358168990557,0.8264219760894775
608,0.00020594710454195926,0.8264219760894775
609,0.00021958148283828942,0.83255934715271
610,0.00018914176940086928,0.8345692157745361
611,0.00025316175958567817,0.8345692157745361
612,0.0001919252873205962,0.8345692157745361
613,0.00026021658154709825,0.8371479511260986
614,0.00017713767150667357,0.8371479511260986
615,0.00021694599004949358,0.8371479511260986
616,0.00020693290110625242,0.8371479511260986
617,0.00021674489649502673,0.8371479511260986
618,0.0002026392917422679,0.8422493934631348
619,0.00022680144895300343,0.8422493934631348
620,0.00020765049165714938,0.8422493934631348
621,0.00024949401213751344,0.8422493934631348
622,0.0001930971922497728,0.8422493934631348
623,0.0002758827195929335,0.8422493934631348
624,0.00017761379368084356,0.847376823425293
625,0.0002496722843016191,0.8492434024810791
626,0.0001842749394515206,0.8492434024810791
627,0.000270376479903565,0.8540537357330322
628,0.0001805870650187379,0.8556411266326904
629,0.00022024624037522423,0.8556411266326904
630,0.0001925311154141122,0.8556411266326904
631,0.0003263592945986591,0.8556411266326904
632,0.00015485935223837904,0.8592371940612793
633,0.00025716829752633674,0.861250638961792
634,0.00019150465710494134,0.8642621040344238
635,0.0003210360903375752,0.8658108711242676
636,0.00017313795491488837,0.8658108711242676
637,0.00022990907192299136,0.8658108711242676
638,0.00019496663816389256,0.8658108711242676
639,0.0001734049745791423,0.8658108711242676
640,0.00032224298805231475,0.8658108711242676
641,0.0001709071202269116,0.8706338405609131
642,0.0001818829718105423,0.8706338405609131
643,0.000233064361650416,0.8706338405609131
644,0.00017750614036778843,0.8706338405609131
645,0.00027702087643531983,0.8706338405609131
646,0.0001812377963998179,0.8706338405609131
647,0.00018302135762325185,0.875697135925293
648,0.0001959512854379169,0.875697135925293
649,0.0001925735377902365,0.875697135925293
650,0.00020230662720059262,0.875697135925293
651,0.00021156938889742928,0.875697135925293
652,0.0002020536457589392,0.875697135925293
653,0.00019661206520043783,0.8826987743377686
654,0.00018410409235121469,0.8826987743377686
655,0.00020741349430379154,0.88747239112854
656,0.00019919281741463357,0.88747239112854
657,0.0001901743398771205,0.88747239112854
658,0.00020746117661905373,0.88747239112854
659,0.00021131436940290553,0.88747239112854
660,0.00019297565981927012,0.8926131725311279
661,0.00022184002913317645,0.8926131725311279
662,0.00020584929693634254,0.8926131725311279
663,0.0001679338819453089,0.8926131725311279
664,0.00026634527639571293,0.8926131725311279
665,0.00015559214304450582,0.8926131725311279
666,0.0002494248650325887,0.8976800441741943
667,0.00017046513773513803,0.8989906311035156
668,0.00018742714405398312,0.8989906311035156
669,0.0001985337184487172,0.8989906311035156
670,0.00023930445039705407,0.8989906311035156
671,0.00018537998501688287,0.8989906311035156
672,0.00020446445672871335,0.8989906311035156
673,0.0001522484476510372,0.904010534286499
674,0.0002934965265770099,0.904010534286499
675,0.00016019763365230985,0.904010534286499
676,0.00020075273758084441,0.904010534286499
677,0.00018936347658810954,0.904010534286499
678,0.00017030313548100663,0.904010534286499
679,0.00019089036405664544,0.9095754623413086
680,0.00019396361699832031,0.9095754623413086
681,0.00023831044534025113,0.9095754623413086
682,0.00016452975550273756,0.9095754623413086
683,0.00024609043475177746,0.9095754623413086
684,0.0001666063445499814,0.9095754623413086
685,0.00019462769592759556,0.9154303073883057
686,0.0001839493071094449,0.9154303073883057
687,0.00016986043412291985,0.9154303073883057
688,0.00021407124497174466,0.9154303073883057
689,0.00017945820774581482,0.9154303073883057
690,0.0002147241757746678,0.9201350212097168
691,0.00016022744170695783,0.9218833446502686
692,0.00020813784630156513,0.9228653907775879
693,0.00017817111232667796,0.9233767986297607
694,0.00021413490312682627,0.924360990524292
695,0.00019169819640712856,0.9248926639556885
696,0.00016477487916109935,0.9248926639556885
697,0.00032007017212298296,0.9248926639556885
698,0.00016003638609690945,0.9248926639556885
699,0.00017633699013900006,0.9248926639556885
700,0.00016494864846586244,0.9248926639556885
701,0.00017938682086881836,0.9304418563842773
702,0.00019880525958796972,0.932748556137085
703,0.00018068853016040202,0.934758186340332
704,0.0001835504342867416,0.936762809753418
705,0.00016233403490313267,0.936762809753418
706,0.00017872471024554261,0.9387669563293457
707,0.00016506393319007343,0.9387669563293457
708,0.00019021751900295906,0.9407696723937988
709,0.00017373180162322797,0.9417724609375
710,0.00019313889942748727,0.9417724609375
711,0.0001941035289759406,0.9437756538391113
712,0.00017413884291288338,0.9437756538391113
713,0.00018002819755875673,0.9437756538391113
714,0.00020429987588110025,0.9457778930664062
715,0.0001767774098292412,0.9467825889587402
716,0.00019005857350957628,0.9489872455596924
717,0.00017077773783950843,0.9489872455596924
718,0.0001651211476346276,0.9489872455596924
719,0.00016102088526672435,0.9537169933319092
720,0.00019409523173501917,0.9557442665100098
721,0.0001934266018980376,0.9557442665100098
722,0.0001658699821742819,0.9557442665100098
723,0.00028068719952052207,0.9557442665100098
724,0.00014807583669175164,0.9588441848754883
725,0.00018327060532995969,0.9601960182189941
726,0.00017699935034349806,0.9601960182189941
727,0.0001645082423837749,0.9610841274261475
728,0.00020102206819778978,0.9620840549468994
729,0.0001662817071248013,0.9631669521331787
730,0.00024214154000036227,0.9641480445861816
731,0.00014545753495101243,0.9660811424255371
732,0.00017339998897090723,0.9660811424255371
733,0.0001837666373934731,0.9660811424255371
734,0.0001602965788205275,0.968085527420044
735,0.00017963747290879745,0.968085527420044
736,0.000166526329748784,0.9700889587402344
737,0.0002178553792561616,0.9700889587402344
738,0.00015757700977086676,0.9753513336181641
739,0.00019895246713771126,0.9753513336181641
740,0.00015903748352071845,0.9753513336181641
741,0.0001749142657292528,0.9804401397705078
742,0.00016393362130083332,0.981860876083374
743,0.00018684986826457647,0.982264518737793
744,0.00017621624519765667,0.982264518737793
745,0.00017991607995261095,0.982264518737793
746,0.00015710100511611333,0.982264518737793
747,0.00017006070498976127,0.982264518737793
748,0.0001625406482123188,0.986976146697998
749,0.0001811591173107606,0.986976146697998
750,0.00017922699877661094,0.986976146697998
751,0.00015773108337110026,0.986976146697998
752,0.000191892528093173,0.986976146697998
753,0.00017097248683008924,0.986976146697998
754,0.00024120421301922128,0.9925291538238525
755,0.0001475679604318167,0.9925291538238525
756,0.00017492325566656816,0.9925291538238525
757,0.00017345038916169426,0.9925291538238525
758,0.00017714434779977475,0.9925291538238525
759,0.00018408784344066875,0.9925291538238525
760,0.0001577832743890579,0.9976072311401367
761,0.0001594922029454715,0.9993593692779541
762,0.00014642778556067288,0.9993593692779541
763,0.00022926506323286787,1.0039105415344238
764,0.00013732211587552488,1.0061721801757812
765,0.00014809849567706953,1.0066790580749512
766,0.00020534127924798872,1.0086910724639893
767,0.00015722513831762806,1.0086910724639893
768,0.00017334489266166128,1.0086910724639893
769,0.00017454280470205743,1.0086910724639893
770,0.00015603582787570883,1.0086910724639893
771,0.0001577152505843126,1.0138802528381348
772,0.0001627740515654025,1.015388011932373
773,0.00023701357668771297,1.0164015293121338
774,0.00015371038511942161,1.0184309482574463
775,0.00016196149856555648,1.0204367637634277
776,0.0001548181899567613,1.0217292308807373
777,0.00016776959611009075,1.0217292308807373
778,0.00017373337923991448,1.0217292308807373
779,0.00019864834950932228,1.0217292308807373
780,0.00015363288304903725,1.0217292308807373
781,0.00015523229320682356,1.0217292308807373
782,0.00015189778381938986,1.02675199508667
783,0.00014826083877304784,1.02675199508667
784,0.00021395530695168024,1.02675199508667
785,0.00014969994388604546,1.02675199508667
786,0.00017094444022182896,1.02675199508667
787,0.00015558183151819638,1.02675199508667
788,0.00016380499004289614,1.0328333377838135
789,0.00016486196873813743,1.0328333377838135
790,0.0001841903824338577,1.0328333377838135
791,0.00015559699501838461,1.0328333377838135
792,0.00019999292616033242,1.0328333377838135
793,0.00014397878693210112,1.0371484756469727
794,0.00015844745324579575,1.0371484756469727
795,0.00017532606711458,1.0371484756469727
796,0.00016009326132802943,1.0371484756469727
797,0.0001958800718591359,1.0371484756469727
798,0.00014322864940558138,1.0371484756469727
799,0.00016472554664455916,1.0371484756469727
800,0.00017826288614105642,1.0424234867095947
801,0.00014196402308138054,1.0424234867095947
802,0.00023495611479061338,1.0424234867095947
803,0.0001354648879774019,1.0424234867095947
804,0.00019880576064376765,1.0424234867095947
805,0.0001540906535882433,1.0424234867095947
806,0.00016210355496858135,1.047511339187622
807,0.00014046589916562506,1.0496892929077148
808,0.00016344206759597062,1.0506863594055176
809,0.0001688095452911717,1.0516893863677979
810,0.00015657032957329633,1.0516893863677979
811,0.0001480675093243062,1.052689552307129
812,0.00014767051740369758,1.0536892414093018
813,0.0001544839799339099,1.0547504425048828
814,0.00017003748126562265,1.055772066116333
815,0.000138055640623725,1.0563457012176514
816,0.00021166306132051438,1.0574228763580322
817,0.00014780025931652365,1.0574228763580322
818,0.00015456299349031472,1.0584313869476318
819,0.00015733196239271468,1.0594415664672852
820,0.00015258508373609432,1.0604348182678223
821,0.0001550638442270675,1.0614407062530518
822,0.0001574762467060528,1.0614407062530518
823,0.00016081194071184245,1.0624339580535889
824,0.00013693145855494883,1.0634291172027588
825,0.00019927578307481339,1.0653607845306396
826,0.00015998607215397204,1.0673539638519287
827,0.00014597024088083997,1.069354772567749
828,0.00019550493268010333,1.0713541507720947
829,0.00014734810914289402,1.0723521709442139
830,0.00012803332005531236,1.0733516216278076
831,0.000241379339607901,1.0743517875671387
832,0.00014427279816544826,1.0753507614135742
833,0.00014843779096861113,1.0753507614135742
834,0.00014126318462181703,1.0753507614135742
835,0.00013832353664798049,1.0753507614135742
836,0.00016036983649372964,1.0753507614135742
837,0.0001703005250106931,1.0753507614135742
838,0.0001573773389721183,1.0818076133728027
839,0.0001396589295557383,1.0818076133728027
840,0.00017106707845686062,1.0818076133728027
841,0.0001462950741433302,1.083935022354126
842,0.00014900636361861813,1.083935022354126
843,0.00015637509464322706,1.0859384536743164
844,0.00015766273303560502,1.0869412422180176
845,0.00014646144775621187,1.0869412422180176
846,0.00017292708949822718,1.0889437198638916
847,0.00013296963657326524,1.0889437198638916
848,0.00018412784600185122,1.090686321258545
849,0.00013960381796634635,1.090686321258545
850,0.00018554411494831345,1.0924267768859863
851,0.0001346070277164147,1.0924267768859863
852,0.0002114481523057189,1.0924267768859863
853,0.00013174622895768627,1.0924267768859863
854,0.0001658711991709819,1.0924267768859863
855,0.00013296142618667353,1.0924267768859863
856,0.0002105487297662319,1.0979533195495605
857,0.00013664894145960142,1.0990824699401855
858,0.0001723579670612204,1.0990824699401855
859,0.00013162543992695924,1.0990824699401855
860,0.00013975022398746528,1.0990824699401855
861,0.00013656827268475994,1.0990824699401855
862,0.00020437817585449187,1.0990824699401855
863,0.00014345552327876452,1.1038854122161865
864,0.0001397296670192878,1.1038854122161865
865,0.00016283440104174123,1.1038854122161865
866,0.00014424675010855407,1.1038854122161865
867,0.00014821526483845853,1.1038854122161865
868,0.00015186077966512795,1.108954668045044
869,0.00017131640458389866,1.108954668045044
870,0.00013659142710728623,1.108954668045044
871,0.00017035648817530734,1.1153714656829834
872,0.00013901314973958613,1.1167967319488525
873,0.00016246204038064766,1.1167967319488525
874,0.00013097610026105926,1.1167967319488525
875,0.00015353568142985316,1.1167967319488525
876,0.00014636836729510835,1.1167967319488525
877,0.00016704666683587085,1.1214959621429443
878,0.00015036762650630755,1.1223163604736328
879,0.00013577854485072335,1.1223163604736328
880,0.00013551308363635278,1.1265628337860107
881,0.00013255786845574682,1.1265628337860107
882,0.00014792169676588272,1.1265628337860107
883,0.0001357167124600353,1.1265628337860107
884,0.00017298402838704724,1.1322081089019775
885,0.00013500955849887733,1.1322081089019775
886,0.00018069826919598869,1.134542465209961
887,0.00013484236409297518,1.134542465209961
888,0.0001611011225550164,1.1375224590301514
889,0.00014296774839996334,1.1380300521850586
890,0.00016157653376593464,1.1380300521850586
891,0.00014148714951993884,1.1380300521850586
892,0.00013647319352166033,1.1380300521850586
893,0.00015321957163065878,1.1380300521850586
894,0.00013475725813391019,1.1380300521850586
895,0.00015680404113524934,1.1428029537200928
896,0.00013604940639319604,1.1428029537200928
897,0.0001294416366961392,1.1428029537200928
898,0.0001518926136867487,1.1428029537200928
899,0.00016517525023314984,1.1428029537200928
900,0.00012988196949171213,1.1495773792266846
901,0.00020232072342762976,1.1495773792266846
902,0.0001251836551415806,1.1495773792266846
903,0.00013641510512937493,1.1495773792266846
904,0.00014600708205955322,1.1495773792266846
905,0.00020823761011701578,1.1495773792266846
906,0.00012132279058009355,1.1548259258270264
907,0.00018174041692419518,1.1559326648712158
908,0.0001199740786380664,1.1559326648712158
909,0.00013970578761192005,1.1559326648712158
910,0.00014797270698014512,1.1559326648712158
911,0.00013875310060844186,1.1559326648712158
912,0.00012989533365440306,1.1600220203399658
913,0.00014465211840422422,1.161034345626831
914,0.00011664814208709968,1.161034345626831
915,0.0001661225692648087,1.161034345626831
916,0.00014253010296904183,1.1663203239440918
917,0.0001251725026214179,1.166687250137329
918,0.00018414577817255022,1.166687250137329
919,0.0001380745043592436,1.166687250137329
920,0.00011716638629831267,1.169670581817627
921,0.00015025720825506995,1.169670581817627
922,0.00012910823499783473,1.1714072227478027
923,0.00018949852648179414,1.1725554466247559
924,0.00012969738798734547,1.1735544204711914
925,0.0001487351167216538,1.174555778503418
926,0.00014381952273376272,1.1755549907684326
927,0.0001592053076064148,1.1765570640563965
928,0.00013304987822893523,1.1765570640563965
929,0.00015759127724890832,1.1775531768798828
930,0.0001265219193027052,1.1785531044006348
931,0.0001505510287389885,1.1795523166656494
932,0.00013316966989206205,1.1805522441864014
933,0.00011524665427445761,1.1815528869628906
934,0.00015689235971054453,1.182554006576538
935,0.00013569732664631416,1.1835613250732422
936,0.0001264632016105605,1.1846861839294434
937,0.00013818130443317374,1.1846861839294434
938,0.00014310438907207124,1.1856863498687744
939,0.00013164000475825532,1.1866850852966309
940,0.00012856854201922732,1.1876871585845947
941,0.00014243334195077292,1.1886873245239258
942,0.00014144243022908156,1.1896870136260986
943,0.00012952575981799126,1.1896870136260986
944,0.00016641789066375965,1.190690040588379
945,0.0001355951997769054,1.1917564868927002
946,0.00012363619452388216,1.1927621364593506
947,0.00013730863034574142,1.1936800479888916
948,0.00012370886153889688,1.1946797370910645
949,0.0001406365200559303,1.1956853866577148
950,0.0001433889218697629,1.1956853866577148
951,0.00012901733997557267,1.196751356124878
952,0.00012156987506981046,1.1986844539642334
953,0.00013440151136753285,1.2006807327270508
954,0.00013363442928398525,1.202688217163086
955,0.00013436138247142435,1.204836368560791
956,0.00013011891037503542,1.206791639328003
957,0.00020872924794892715,1.2077665328979492
958,0.00012109849295913097,1.208751916885376
959,0.00014431713362681662,1.2097656726837158
960,0.0001250493620286097,1.2097656726837158
961,0.00013726714935242493,1.2107703685760498
962,0.00013022482055695446,1.2117762565612793
963,0.0001365430704240865,1.2127573490142822
964,0.00014048148700498378,1.2137558460235596
965,0.0001484216109478782,1.2147510051727295
966,0.00012236635664742448,1.215686559677124
967,0.00015384773968494066,1.216806411743164
968,0.00013114893855298483,1.216806411743164
969,0.00015918793042411317,1.2178068161010742
970,0.00011505345621013701,1.218808650970459
971,0.00018861458152176537,1.2198081016540527
972,0.00011133311530783449,1.2208871841430664
973,0.00017842289426965978,1.2219047546386719
974,0.00011640340016835953,1.2219047546386719
975,0.00013091082285750252,1.222808599472046
976,0.00013808009749521663,1.2238950729370117
977,0.0001282537007475862,1.2248051166534424
978,0.0001399135827848648,1.2258052825927734
979,0.00011372359020091704,1.2268924713134766
980,0.0001372603613173844,1.2268924713134766
981,0.0001269746519073086,1.227919578552246
982,0.00013539472294579074,1.2288951873779297
983,0.0001152651603200012,1.229870080947876
984,0.00015639312280214628,1.230872631072998
985,0.0001253071106907185,1.2325046062469482
986,0.0001350621337210299,1.2325046062469482
987,0.00012041598120902705,1.233565092086792
988,0.0001359232510285817,1.233565092086792
989,0.0001291337839518987,1.233565092086792
990,0.00013320956561770728,1.233565092086792
991,0.0001343622241979199,1.233565092086792
992,0.00014773308116770755,1.237952709197998
993,0.00012631358657700718,1.237952709197998
994,0.00012900652014411683,1.237952709197998
995,0.00011429376355472327,1.237952709197998
996,0.00017967738920975993,1.237952709197998
997,0.00011879495488475827,1.237952709197998
998,0.00016457365171002305,1.243265151977539
999,0.000125907440068178,1.243265151977539
1000,0.00011707306630313153,1.243265151977539
1001,0.00011863227727877696,1.243265151977539
1002,0.00012646789379153778,1.243265151977539
1003,0.00015014524608278375,1.243265151977539
1004,0.00012656600778906753,1.2483010292053223
1005,0.00015058385652772427,1.2501964569091797
1006,0.00012492135734540558,1.2501964569091797
1007,0.00011690755580681955,1.254765510559082
1008,0.00012547960934923,1.2563462257385254
1009,0.00012161884801503015,1.2563462257385254
1010,0.0001427842348521727,1.2563462257385254
1011,0.0001268819349890894,1.2599458694458008
1012,0.0001242260116720587,1.2599458694458008
1013,0.00013499968657663602,1.2599458694458008
1014,0.00011683827381279258,1.2599458694458008
1015,0.0001145220841622329,1.2599458694458008
1016,0.00012464492078991004,1.2599458694458008
1017,0.00014014759078482633,1.2658300399780273
1018,0.00011809167836553684,1.2658300399780273
1019,0.0001432943734050971,1.2658300399780273
1020,0.00012551490159390646,1.2658300399780273
1021,0.00013421603129745266,1.2702069282531738
1022,0.0001301689210482133,1.2702069282531738
1023,0.00011007103197916591,1.2702069282531738
1024,0.0001773957389260396,1.2702069282531738
1025,0.00010800107391902109,1.2702069282531738
1026,0.00011543551239704146,1.2702069282531738
1027,0.0001297241814824311,1.2757072448730469
1028,0.00010928893388172262,1.2757072448730469
1029,0.00012441070556414924,1.2757072448730469
1030,0.00012979661029957257,1.2757072448730469
1031,0.00014607783953946558,1.2757072448730469
1032,0.0001186332611461532,1.2757072448730469
1033,0.0001468672269479367,1.2807931900024414
1034,0.00011490930433232118,1.2822563648223877
1035,0.0001664933643928304,1.2842681407928467
1036,0.00011336832408147269,1.287280559539795
1037,0.00012310688509028383,1.287280559539795
1038,0.0001337209752886992,1.292557716369629
1039,0.00012949598840258984,1.292557716369629
1040,0.0001089848907311849,1.292557716369629
1041,0.00015895083031581379,1.292557716369629
1042,0.0001132873555693973,1.2976446151733398
1043,0.000148914390548559,1.299006462097168
1044,0.00011587008730531959,1.3010170459747314
1045,0.00012160412002200312,1.3037221431732178
1046,0.00011474738886014946,1.3037221431732178
1047,0.00011206071866289926,1.3037221431732178
1048,0.00012630529107781068,1.3037221431732178
1049,0.0001134449712633469,1.3088459968566895
1050,0.00012253446076670213,1.3088459968566895
1051,0.00013433370963307535,1.3088459968566895
1052,0.00012132576420782001,1.3088459968566895
1053,0.00012019526609720593,1.3088459968566895
1054,0.00013582132097384494,1.3088459968566895
1055,0.00011952723065162571,1.313920497894287
1056,0.00011402273024383383,1.3151187896728516
1057,0.00011823971552152013,1.3162875175476074
1058,0.00011973507226250023,1.3162875175476074
1059,0.0001485149154918837,1.3162875175476074
1060,0.0001071250476829196,1.3162875175476074
1061,0.00017641415490314368,1.3162875175476074
1062,0.0001041145255715739,1.321854829788208
1063,0.00015503168618596008,1.321854829788208
1064,0.00011367813922060315,1.321854829788208
1065,0.00012127112807914673,1.321854829788208
1066,0.00010687502398738353,1.321854829788208
1067,0.00013757226504169937,1.321854829788208
1068,0.0001170606672857908,1.3269448280334473
1069,0.00014217954131733122,1.3269448280334473
1070,0.00011043419638121731,1.3269448280334473
1071,0.00012315221403939395,1.3269448280334473
1072,0.00011219064029831129,1.3269448280334473
1073,0.00012748810784546426,1.3317041397094727
1074,0.0001257591487038202,1.3327174186706543
1075,0.00011485386925452657,1.3327174186706543
1076,0.0001344957659798334,1.3327174186706543
1077,0.00012155233290507989,1.3379201889038086
1078,0.00010215340928015574,1.3379201889038086
1079,0.00016344031106415896,1.3379201889038086
1080,0.00010309465832465957,1.3379201889038086
1081,0.00014424705543188718,1.3379201889038086
1082,0.00011012406778390069,1.3379201889038086
1083,0.00011293786874470217,1.3430187702178955
1084,0.0001272547762451116,1.3450345993041992
1085,0.00011321755155225486,1.3470423221588135
1086,0.00011619682812758223,1.3501992225646973
1087,0.0001222069483014512,1.3501992225646973
1088,0.00011967801244685408,1.354506254196167
1089,0.000128388499918651,1.354506254196167
1090,0.00010764538865539852,1.3566138744354248
1091,0.00015530818406185348,1.3566138744354248
1092,9.990328652061559e-05,1.3566138744354248
1093,0.00014532545668105346,1.3600292205810547
1094,0.00010107704968869487,1.3600292205810547
1095,0.00019586760043788438,1.3600292205810547
1096,0.00010838496036959903,1.3600292205810547
1097,0.00012278307745798293,1.3600292205810547
1098,0.00011298418989988793,1.366014003753662
1099,0.00010428467158361727,1.366014003753662
1100,0.0001403211110231543,1.366014003753662
1101,0.00010680441352987285,1.366014003753662
1102,0.00011861428060842965,1.366014003753662
1103,0.00011150498344507416,1.366014003753662
1104,0.00011931237789559101,1.3708312511444092
1105,0.00011689560923260573,1.3708312511444092
1106,0.00012186067694678694,1.3761422634124756
1107,0.0001330660896990507,1.3761422634124756
1108,0.00010981440734891887,1.3761422634124756
1109,0.00010618027806562951,1.3761422634124756
1110,0.00011578785763652275,1.3825111389160156
1111,0.00011141962287029656,1.3825111389160156
1112,0.00018036501647398853,1.3825111389160156
1113,0.00010066276587053823,1.3825111389160156
1114,0.00011276186538096791,1.3825111389160156
1115,0.0001264029963436397,1.3825111389160156
1116,0.00010290568287618224,1.3871183395385742
1117,0.00016276944256572834,1.3871183395385742
1118,9.794818072657901e-05,1.3871183395385742
1119,0.00016636476945524706,1.3871183395385742
1120,0.00011466696459976148,1.3871183395385742
1121,0.00012546073149083525,1.3871183395385742
1122,0.0001140387152062894,1.392521619796753
1123,0.00010136090245552646,1.392521619796753
1124,0.0001163906299018828,1.392521619796753
1125,0.00011848760009006331,1.392521619796753
1126,0.00010610397797953673,1.392521619796753
1127,0.00016063937875351425,1.392521619796753
1128,9.736871014874605e-05,1.3976185321807861
1129,0.00013895833792619772,1.3989355564117432
1130,0.00012007339295962534,1.4009370803833008
1131,0.00011944251837226768,1.4019370079040527
1132,0.00010622252221282881,1.402937412261963
1133,9.943853589213472e-05,1.402937412261963
1134,9.962472695685723e-05,1.402937412261963
1135,0.00013198991696483203,1.402937412261963
1136,0.00010454178173202066,1.402937412261963
1137,0.00010996573302340509,1.402937412261963
1138,0.0001106334179217922,1.402937412261963
1139,0.00010923155685415465,1.4081676006317139
1140,0.00014012111365263667,1.4081676006317139
1141,9.77166572559645e-05,1.4081676006317139
1142,0.00012416091977053166,1.4081676006317139
1143,0.00010018898938428949,1.4081676006317139
1144,0.00012664287458230493,1.4081676006317139
1145,0.0001226392652792145,1.4132344722747803
1146,0.00011354727828586938,1.415090560913086
1147,0.00014249119008681027,1.415090560913086
1148,0.0001003418534302869,1.415090560913086
1149,0.00012099102229989775,1.415090560913086
1150,9.964345446616511e-05,1.415090560913086
1151,0.00012376020706529996,1.415090560913086
1152,0.00010264733914308866,1.4205873012542725
1153,0.00011078415363054519,1.4205873012542725
1154,0.00011211468326501274,1.4205873012542725
1155,0.00010565008656101513,1.4205873012542725
1156,0.00010913021679378137,1.4205873012542725
1157,0.00012716329065691473,1.4205873012542725
1158,0.0001014106324090037,1.425811529159546
1159,0.00016806590940711793,1.425811529159546
1160,0.00010023228246782873,1.425811529159546
1161,0.00012427544934677233,1.425811529159546
1162,0.00010052808548005536,1.425811529159546
1163,0.00014711770714682042,1.425811529159546
1164,9.897319674019028e-05,1.4312050342559814
1165,8.988763200068623e-05,1.4326560497283936
1166,0.0001553488196132908,1.4326560497283936
1167,0.00010160451377297037,1.4374501705169678
1168,0.0001354727864460626,1.4374501705169678
1169,0.00010413321452442101,1.4374501705169678
1170,0.00011491501429970273,1.4374501705169678
1171,0.0001013944902648609,1.4374501705169678
1172,9.942584934780424e-05,1.4374501705169678
1173,0.00014171641960157783,1.4429373741149902
1174,9.959550055013496e-05,1.4429373741149902
1175,0.00012832375100485323,1.4429373741149902
1176,0.00010053859681517247,1.4429373741149902
1177,0.00010484121405282475,1.4429373741149902
1178,9.67976171753839e-05,1.4429373741149902
1179,0.0001164572515468105,1.448643684387207
1180,0.00010460096479668533,1.449122667312622
1181,0.00017317458791108462,1.449122667312622
1182,9.484529406648452e-05,1.449122667312622
1183,0.00012239604483185517,1.449122667312622
1184,9.711783441104464e-05,1.449122667312622
1185,0.0001076321303476963,1.4537968635559082
1186,0.00010937029214769925,1.4537968635559082
1187,9.83149659132618e-05,1.4537968635559082
1188,0.00011282273251202192,1.4537968635559082
1189,9.128059603303003e-05,1.456857442855835
1190,0.00013237164181801307,1.456857442855835
1191,0.00010209528890123703,1.4589078426361084
1192,0.00010403926941224085,1.4589078426361084
1193,0.00011358700699718718,1.4589078426361084
1194,0.00011033279438790726,1.4589078426361084
1195,9.618867979958459e-05,1.4589078426361084
1196,0.0001646243978212979,1.4589078426361084
1197,0.00010070376696980071,1.4639744758605957
1198,0.00010293240346494456,1.465662956237793
1199,0.0001103340771826292,1.4676754474639893
1200,9.565153159281169e-05,1.4706881046295166
1201,0.00011954468913790738,1.4726924896240234
1202,9.39350711683169e-05,1.4726924896240234
1203,0.000153790347230348,1.4746949672698975
1204,9.858414213897003e-05,1.4746949672698975
1205,0.00013622596860791923,1.4756972789764404
1206,9.502817906212834e-05,1.4756972789764404
1207,0.00012183005225888836,1.4756972789764404
1208,9.547730938626018e-05,1.4756972789764404
1209,9.302417257813837e-05,1.4820945262908936
1210,0.00010139517548317075,1.4827673435211182
1211,0.00011119041476700953,1.4827673435211182
1212,0.000127936499863059,1.484771490097046
1213,9.61042588468048e-05,1.484771490097046
1214,0.00010550798468540898,1.4867753982543945
1215,0.00010594960739374714,1.4867753982543945
1216,0.00010581554270756342,1.4867753982543945
1217,9.502459136021193e-05,1.490126371383667
1218,0.00011127249739226316,1.4921073913574219
1219,0.00010242296187674636,1.4940948486328125
1220,0.00010323482647243908,1.4960899353027344
1221,0.000121537624500456,1.4973125457763672
1222,9.884892759128547e-05,1.4993064403533936
1223,9.401559365990962e-05,1.500312089920044
1224,0.00014326465548415457,1.500312089920044
1225,0.00010066088446902302,1.5013113021850586
1226,0.00010593010354732523,1.5023112297058105
1227,9.151397664207634e-05,1.5033113956451416
1228,0.00014220326637717876,1.5043120384216309
1229,0.00010095569655845703,1.5063142776489258
1230,0.0001124084824589454,1.507314682006836
1231,9.294988228383748e-05,1.5083134174346924
1232,0.0001636788016853975,1.5093114376068115
1233,8.667826817237007e-05,1.5103185176849365
1234,0.00010166753430230196,1.5113177299499512
1235,9.573800236224988e-05,1.5123810768127441
1236,9.321332045419968e-05,1.5123810768127441
1237,0.00012661163727903567,1.5123810768127441
1238,9.173278094866402e-05,1.5123810768127441
1239,0.00018163620627461544,1.516575813293457
1240,8.136870147293707e-05,1.5175433158874512
1241,9.943552079414991e-05,1.518491268157959
1242,0.00011355743914220407,1.518491268157959
1243,9.162633375961232e-05,1.518491268157959
1244,0.00011004743620044123,1.518491268157959
1245,8.817822547278445e-05,1.518491268157959
1246,0.00010608263063470645,1.522651195526123
1247,0.0001086933799471781,1.522651195526123
1248,0.00011307108521884793,1.522651195526123
1249,8.774110354436339e-05,1.522651195526123
1250,0.00013163531225644602,1.522651195526123
1251,9.683091837480239e-05,1.522651195526123
1252,0.00010740152789628652,1.527904748916626
1253,0.0001034530278033474,1.527904748916626
1254,9.82339837056336e-05,1.527904748916626
1255,9.239930153700266e-05,1.527904748916626
1256,0.00016731727156234867,1.5328106880187988
1257,8.78515210074204e-05,1.5328106880187988
1258,0.00010735054859596985,1.5328106880187988
1259,8.96972280390744e-05,1.5372755527496338
1260,0.0001140485407671555,1.5372755527496338
1261,0.00010050930321018738,1.5372755527496338
1262,0.00011085777926230909,1.5372755527496338
1263,8.883279508793338e-05,1.5372755527496338
1264,0.00014517947872613382,1.542586326599121
1265,8.701163937738242e-05,1.542586326599121
1266,0.0001308391512062668,1.542586326599121
1267,9.11884097846891e-05,1.542586326599121
1268,0.00011671690947609681,1.542586326599121
1269,8.745110598089508e-05,1.542586326599121
1270,0.00012613835696241067,1.5488536357879639
1271,8.413647241782615e-05,1.5488536357879639
1272,0.00013107024045374898,1.5488536357879639
1273,8.30419920872295e-05,1.5488536357879639
1274,0.00014461828789006726,1.5488536357879639
1275,8.34704894999194e-05,1.5488536357879639
1276,0.00010106311438111923,1.5538709163665771
1277,9.739300323045222e-05,1.5538709163665771
1278,9.442940843266363e-05,1.5538709163665771
1279,9.692949535267756e-05,1.5538709163665771
1280,0.00011878330287448071,1.5569486618041992
1281,9.10189083485402e-05,1.5569486618041992
1282,0.0001104645653352318,1.5590019226074219
1283,9.130179212379784e-05,1.5590019226074219
1284,0.0001042253418031122,1.5590019226074219
1285,9.694361287411067e-05,1.5590019226074219
1286,0.00011330669244129362,1.5590019226074219
1287,9.45193836776024e-05,1.5590019226074219
1288,9.829612010535034e-05,1.5590019226074219
1289,0.00010368840724722314,1.5656273365020752
1290,0.00010357966302449017,1.5656273365020752
1291,0.00010508317736254693,1.5656273365020752
1292,9.947884585664993e-05,1.5656273365020752
1293,8.772084687092173e-05,1.5704779624938965
1294,0.0001040202727876112,1.5704779624938965
1295,0.00011289466499023872,1.5704779624938965
1296,8.499583741848229e-05,1.5704779624938965
1297,0.0001547379201196402,1.5704779624938965
1298,8.16572645005646e-05,1.5704779624938965
1299,0.00011008688036899472,1.5758254528045654
1300,0.00010124133378269474,1.5758254528045654
1301,0.00011498928536790458,1.5758254528045654
1302,8.136193896648446e-05,1.5758254528045654
1303,0.00015161485819717018,1.5758254528045654
1304,7.963720057146174e-05,1.5825750827789307
1305,0.00011393102977874188,1.5825750827789307
1306,0.00010946970464838854,1.5825750827789307
1307,9.845334867894904e-05,1.5825750827789307
1308,9.49726208592151e-05,1.5825750827789307
1309,0.00010298361019597461,1.586982011795044
1310,9.335500733477534e-05,1.586982011795044
1311,0.00010390940041835087,1.586982011795044
1312,9.882853949561868e-05,1.586982011795044
1313,8.564100563066494e-05,1.586982011795044
1314,8.812114065137083e-05,1.586982011795044
1315,9.432719798240561e-05,1.5923709869384766
1316,0.00011050518915913562,1.5923709869384766
1317,8.66337305172828e-05,1.5923709869384766
1318,0.00011373010364012457,1.5923709869384766
1319,9.683471122722165e-05,1.5923709869384766
1320,8.458928651897169e-05,1.5923709869384766
1321,0.00010736640164894551,1.5986216068267822
1322,9.967729956404046e-05,1.5992937088012695
1323,9.20754161522982e-05,1.5992937088012695
1324,9.319743695736615e-05,1.5992937088012695
1325,9.779836816033178e-05,1.5992937088012695
1326,0.00010509728590595706,1.5992937088012695
1327,8.893174042135001e-05,1.604034423828125
1328,0.00012785726300972808,1.604034423828125
1329,8.725095262913038e-05,1.604034423828125
1330,9.769239763155966e-05,1.604034423828125
1331,0.00010657027247913597,1.604034423828125
1332,8.79394419817431e-05,1.604034423828125
1333,8.777634623329785e-05,1.604034423828125
1334,0.00010895627674059072,1.6095385551452637
1335,8.973572203675564e-05,1.6105380058288574
1336,0.0001153796012694147,1.6105380058288574
1337,9.318047488365704e-05,1.6115937232971191
1338,9.208364928886145e-05,1.6126115322113037
1339,8.958698763761121e-05,1.6136069297790527
1340,0.00010058958416585566,1.61566162109375
1341,9.279229569759122e-05,1.6176173686981201
1342,9.321814840661487e-05,1.6196107864379883
1343,0.00010401031435990053,1.621617078781128
1344,8.376128826315025e-05,1.621617078781128
1345,0.00011665131782701749,1.621617078781128
1346,9.796491225091097e-05,1.621617078781128
1347,8.017618705344855e-05,1.621617078781128
1348,9.518278753904004e-05,1.6268086433410645
1349,9.199441457528056e-05,1.6268086433410645
1350,9.654587299712933e-05,1.6268086433410645
1351,0.000110535830209091,1.6268086433410645
1352,9.381124356048085e-05,1.6268086433410645
1353,9.503895771941333e-05,1.6324620246887207
1354,8.39613709234819e-05,1.6324620246887207
1355,0.00011950603780468856,1.6324620246887207
1356,8.569146334203159e-05,1.6324620246887207
1357,8.624658121318526e-05,1.6324620246887207
1358,0.000100967446748094,1.6372349262237549
1359,9.471533306595337e-05,1.6372349262237549
1360,9.694731413282174e-05,1.6372349262237549
1361,8.79291259160624e-05,1.6372349262237549
1362,9.755842538783703e-05,1.6372349262237549
1363,8.935359693201172e-05,1.6372349262237549
1364,0.00010199418550674335,1.642329216003418
1365,8.765358803686017e-05,1.642329216003418
1366,9.194598287056484e-05,1.642329216003418
1367,9.788394848067684e-05,1.642329216003418
1368,0.00010067644961264683,1.642329216003418
1369,9.950617164627766e-05,1.642329216003418
1370,9.676937128231054e-05,1.6493499279022217
1371,8.479693326695954e-05,1.6493499279022217
1372,0.0001196179452800185,1.6493499279022217
1373,7.79911013731463e-05,1.6520233154296875
1374,0.00010565319424892848,1.6525695323944092
1375,7.92119929674907e-05,1.6536636352539062
1376,0.0001293021300288977,1.6546013355255127
1377,7.937907006869065e-05,1.6551513671875
1378,0.00010625500703967275,1.6562445163726807
1379,9.044359623729471e-05,1.6567914485931396
1380,8.842913550347002e-05,1.6578638553619385
1381,8.707161316700927e-05,1.6589572429656982
1382,7.978021874474405e-05,1.6595027446746826
1383,0.00010343400291576602,1.6605958938598633
1384,9.920450536350852e-05,1.6611413955688477
1385,8.965906965445361e-05,1.6622314453125
1386,9.68956911612224e-05,1.6627748012542725
1387,8.61370337886229e-05,1.6637835502624512
1388,9.411963611716533e-05,1.665435552597046
1389,9.487394348835305e-05,1.665435552597046
1390,9.648255127976565e-05,1.670658826828003
1391,9.152685141582714e-05,1.670658826828003
1392,0.000128733498409775,1.670658826828003
1393,8.422517855717007e-05,1.670658826828003
1394,8.863796746185927e-05,1.6757442951202393
1395,9.957139544848345e-05,1.6757442951202393
1396,8.476767819178308e-05,1.6757442951202393
1397,9.234084605876574e-05,1.6757442951202393
1398,8.877500144284824e-05,1.6757442951202393
1399,9.272239504125909e-05,1.6757442951202393
1400,8.672420844320773e-05,1.68084716796875
1401,9.070363504328727e-05,1.682725191116333
1402,8.139351006865913e-05,1.682725191116333
1403,0.00010114816451113394,1.682725191116333
1404,8.766493187397414e-05,1.682725191116333
1405,0.00012352753978037026,1.682725191116333
1406,8.208279580025488e-05,1.682725191116333
1407,0.00010648913191838178,1.6874797344207764
1408,8.748624203428451e-05,1.6874797344207764
1409,9.40955756513804e-05,1.6874797344207764
1410,8.582188470856019e-05,1.6874797344207764
1411,9.378266565790222e-05,1.6874797344207764
1412,8.937334303332297e-05,1.6874797344207764
1413,9.413659353210204e-05,1.6926264762878418
1414,7.595741117511818e-05,1.6926264762878418
1415,0.00010914637260773236,1.6926264762878418
1416,8.472720051577189e-05,1.6926264762878418
1417,8.908131848209363e-05,1.6926264762878418
1418,8.781591779703646e-05,1.6984264850616455
1419,9.77613917119679e-05,1.6991028785705566
1420,7.844127116729037e-05,1.6991028785705566
1421,0.00010366579452210465,1.7038609981536865
1422,8.52578750695087e-05,1.7038609981536865
1423,9.44586481851231e-05,1.7038609981536865
1424,8.541306965625088e-05,1.7038609981536865
1425,9.253685844396553e-05,1.7038609981536865
1426,9.512808242889074e-05,1.7089602947235107
1427,8.545760324627776e-05,1.7089602947235107
1428,9.316913464011687e-05,1.7089602947235107
1429,8.207448247226555e-05,1.7089602947235107
1430,9.34504074098953e-05,1.7089602947235107
1431,8.713564313144724e-05,1.7141695022583008
1432,0.0001148932630738719,1.7158424854278564
1433,8.404554367699916e-05,1.7158424854278564
1434,0.00011167555080197879,1.7158424854278564
1435,8.065891078654503e-05,1.7158424854278564
1436,7.913248983546272e-05,1.7158424854278564
1437,9.400401216360946e-05,1.7158424854278564
1438,9.041967364186178e-05,1.7221593856811523
1439,8.232754777434841e-05,1.7241675853729248
1440,8.476055777174242e-05,1.726163387298584
1441,0.00010166457940376637,1.7281601428985596
1442,8.529648797676498e-05,1.7291793823242188
1443,0.00012199797339581923,1.7301437854766846
1444,7.726982962998721e-05,1.7319920063018799
1445,0.00014225269083059045,1.7325160503387451
1446,7.11176045056428e-05,1.7325160503387451
1447,0.00010086173165665372,1.7373130321502686
1448,8.318497138373425e-05,1.7373130321502686
1449,6.900743888893467e-05,1.7373130321502686
1450,0.00013487396605589235,1.7424228191375732
1451,8.095844494973478e-05,1.7424228191375732
1452,9.249441219267662e-05,1.7424228191375732
1453,7.655850914993063e-05,1.7424228191375732
1454,0.0001387854142448051,1.7424228191375732
1455,6.90242856380504e-05,1.7424228191375732
1456,0.00011392467939892425,1.7424228191375732
1457,7.652272907333035e-05,1.7488996982574463
1458,9.440275066732422e-05,1.7488996982574463
1459,7.7737063110771e-05,1.7488996982574463
1460,9.44055335068335e-05,1.7488996982574463
1461,8.121260851342691e-05,1.7488996982574463
1462,8.046045749028091e-05,1.7488996982574463
1463,9.523491291238355e-05,1.753650426864624
1464,9.013273367016193e-05,1.753650426864624
1465,8.506132072333423e-05,1.753650426864624
1466,9.030346854920279e-05,1.753650426864624
1467,0.00010015770833819537,1.7572224140167236
1468,8.157433546899064e-05,1.7572224140167236
1469,8.235612165113248e-05,1.7590484619140625
1470,8.220862708873937e-05,1.7590484619140625
1471,8.405282927773939e-05,1.7590484619140625
1472,9.66450317294738e-05,1.7654383182525635
1473,9.42930419289026e-05,1.7661056518554688
1474,9.709138643136122e-05,1.7661056518554688
1475,8.053775283127843e-05,1.7661056518554688
1476,7.202081596804075e-05,1.7661056518554688
1477,8.544122288183756e-05,1.7708697319030762
1478,8.059087270309157e-05,1.7708697319030762
1479,9.399464598255209e-05,1.7708697319030762
1480,8.903428889545732e-05,1.7708697319030762
1481,8.361612205305605e-05,1.7708697319030762
1482,9.95009862647791e-05,1.7708697319030762
1483,7.804969771473871e-05,1.7760109901428223
1484,8.546781522659852e-05,1.7760109901428223
1485,9.392102879195485e-05,1.7760109901428223
1486,7.829160508778561e-05,1.7760109901428223
1487,9.968585691778213e-05,1.7760109901428223
1488,8.297311284339064e-05,1.7760109901428223
1489,8.30261468778975e-05,1.7820167541503906
1490,9.281405938027111e-05,1.7824602127075195
1491,7.776532155614163e-05,1.7824602127075195
1492,7.662133455797324e-05,1.7824602127075195
1493,0.0001307564391438936,1.7824602127075195
1494,6.620278811978487e-05,1.7824602127075195
1495,0.00010767706013675971,1.787238597869873
1496,7.812080807439093e-05,1.787238597869873
1497,0.00011555616814428834,1.787238597869873
1498,7.510880170462279e-05,1.787238597869873
1499,0.00010247225223123596,1.787238597869873
1500,8.18397932830347e-05,1.787238597869873
1501,9.011685432415331e-05,1.787238597869873
1502,8.329555501231467e-05,1.7927439212799072
1503,7.885273719392382e-05,1.7927439212799072
1504,7.219961184057711e-05,1.7927439212799072
1505,0.000100478292140347,1.7927439212799072
1506,8.16847503075257e-05,1.7927439212799072
1507,8.382651367564631e-05,1.7927439212799072
1508,8.84046486571669e-05,1.7992570400238037
1509,8.064769924159543e-05,1.7992570400238037
1510,8.776568643297606e-05,1.8041350841522217
1511,7.93077712591337e-05,1.8041350841522217
1512,8.403813589996581e-05,1.8041350841522217
1513,7.75070097532575e-05,1.8041350841522217
1514,9.348795452430256e-05,1.8041350841522217
1515,8.55529176703849e-05,1.8092167377471924
1516,7.53038083228881e-05,1.8092167377471924
1517,9.768013377916579e-05,1.8092167377471924
1518,8.588456933453761e-05,1.8092167377471924
1519,9.869811919971766e-05,1.8092167377471924
1520,7.805811280860202e-05,1.8092167377471924
1521,8.438211336474837e-05,1.8158538341522217
1522,8.048601569851501e-05,1.8178470134735107
1523,8.506157390927639e-05,1.8198697566986084
1524,8.962601238764095e-05,1.8218588829040527
1525,8.67769841777948e-05,1.8238246440887451
1526,7.534477336108444e-05,1.8248248100280762
1527,8.360307008237302e-05,1.8251407146453857
1528,8.230443312414848e-05,1.82621169090271
1529,0.00010056707713055304,1.8272192478179932
1530,7.451664617769495e-05,1.8282012939453125
1531,9.526898261207872e-05,1.8282012939453125
1532,7.470914502704523e-05,1.829200029373169
1533,8.809621714856845e-05,1.8322148323059082
1534,8.595860709081781e-05,1.8342220783233643
1535,9.943842382061953e-05,1.835233211517334
1536,7.486973756787788e-05,1.8372206687927246
1537,9.770476134977524e-05,1.838223934173584
1538,7.848277821546967e-05,1.8392086029052734
1539,9.48035533140167e-05,1.8402111530303955
1540,7.152833348280094e-05,1.8402111530303955
1541,8.832975164210061e-05,1.8402111530303955
1542,7.532271076281064e-05,1.8402111530303955
1543,0.00010117782162946429,1.8402111530303955
1544,8.117399569515754e-05,1.8402111530303955
1545,6.912000113267733e-05,1.8402111530303955
1546,0.00012518739293035182,1.845611572265625
1547,7.74952916520334e-05,1.849071741104126
1548,7.52688524794246e-05,1.849071741104126
1549,0.0001016085515109288,1.849071741104126
1550,7.062434435803926e-05,1.849071741104126
1551,9.876790975676345e-05,1.849071741104126
1552,7.698083262434752e-05,1.849071741104126
1553,8.106187118765091e-05,1.8538155555725098
1554,8.39178060197997e-05,1.8538155555725098
1555,8.960064119198756e-05,1.8538155555725098
1556,7.201316668983307e-05,1.8538155555725098
1557,0.00012110110296007823,1.8574190139770508
1558,7.231811906347226e-05,1.8592414855957031
1559,8.266373944049658e-05,1.8592414855957031
1560,8.539564115244112e-05,1.8592414855957031
1561,8.104647041157052e-05,1.8652455806732178
1562,7.625918114605668e-05,1.8652455806732178
1563,7.60982825591004e-05,1.8652455806732178
1564,7.119835760491347e-05,1.8652455806732178
1565,8.159848762243623e-05,1.8652455806732178
1566,9.424269813701999e-05,1.8652455806732178
1567,7.762671272845151e-05,1.8707654476165771
1568,0.00010677779039379441,1.8707654476165771
1569,6.968004323808897e-05,1.8707654476165771
1570,8.924434958877504e-05,1.8707654476165771
1571,8.162594836821707e-05,1.8707654476165771
1572,8.913715456291715e-05,1.8707654476165771
1573,8.507862229849733e-05,1.8759939670562744
1574,7.469747736463473e-05,1.8759939670562744
1575,7.24660184048352e-05,1.8759939670562744
1576,0.00010384610705900173,1.8759939670562744
1577,8.091319459339915e-05,1.8759939670562744
1578,8.145526283562029e-05,1.8759939670562744
1579,8.494527730386622e-05,1.8819947242736816
1580,7.17141143925146e-05,1.8825716972351074
1581,0.00010928877873589726,1.8825716972351074
1582,6.726574332616531e-05,1.8872098922729492
1583,8.300847810514471e-05,1.8872098922729492
1584,6.993180389508692e-05,1.8872098922729492
1585,7.651493700150097e-05,1.8872098922729492
1586,9.153879392465255e-05,1.8872098922729492
1587,8.51956982091022e-05,1.8872098922729492
1588,7.692075670713668e-05,1.8922851085662842
1589,8.241275857196891e-05,1.8922851085662842
1590,8.03664524572127e-05,1.8922851085662842
1591,6.448055880755286e-05,1.8922851085662842
1592,0.0001516299060067608,1.8922851085662842
1593,7.41177595951812e-05,1.8922851085662842
1594,8.01363905091919e-05,1.8986029624938965
1595,9.140437527918317e-05,1.8990051746368408
1596,7.60309970958681e-05,1.8990051746368408
1597,8.24689489833006e-05,1.8990051746368408
1598,7.901504940744248e-05,1.8990051746368408
1599,7.77237433510943e-05,1.8990051746368408
1600,7.337561237884109e-05,1.9037368297576904
1601,8.78177924646386e-05,1.9037368297576904
1602,8.019796295661147e-05,1.9037368297576904
1603,7.813347542695969e-05,1.9037368297576904
1604,8.193114869998439e-05,1.9037368297576904
1605,7.216439784949145e-05,1.9037368297576904
1606,7.500857152314798e-05,1.9088187217712402
1607,7.724228399175828e-05,1.9088187217712402
1608,7.0715867527331e-05,1.9088187217712402
1609,8.098700958589362e-05,1.9088187217712402
1610,8.02194096269608e-05,1.9088187217712402
1611,8.47357828413541e-05,1.9088187217712402
1612,7.591960249374435e-05,1.9139537811279297
1613,7.778946234467953e-05,1.9157638549804688
1614,0.00011396601379285455,1.9157638549804688
1615,7.11038775868695e-05,1.9157638549804688
1616,9.697895914643939e-05,1.9157638549804688
1617,6.751153326930207e-05,1.9157638549804688
1618,9.419160644217426e-05,1.9157638549804688
1619,6.385831478076574e-05,1.9204556941986084
1620,0.00010454882103105093,1.9204556941986084
1621,6.886404217769887e-05,1.9204556941986084
1622,0.00013002879984869752,1.9204556941986084
1623,7.11706562246901e-05,1.9204556941986084
1624,6.87329136657432e-05,1.9204556941986084
1625,7.300257304052163e-05,1.9256141185760498
1626,7.763322477865006e-05,1.9256141185760498
1627,8.916624025054085e-05,1.9256141185760498
1628,7.806747505002607e-05,1.9256141185760498
1629,6.731068867761035e-05,1.9256141185760498
1630,9.799950523052167e-05,1.9256141185760498
1631,8.171985083028426e-05,1.9320266246795654
1632,7.652723162299495e-05,1.9320266246795654
1633,6.94685395744375e-05,1.9320266246795654
1634,9.049974570002135e-05,1.9320266246795654
1635,6.142413138807854e-05,1.9320266246795654
1636,9.69885349910981e-05,1.9320266246795654
1637,7.201075646498287e-05,1.9376263618469238
1638,9.675707026166379e-05,1.9384429454803467
1639,7.052630855682349e-05,1.9395208358764648
1640,0.00010121474903919158,1.9405384063720703
1641,7.825584755947025e-05,1.9415440559387207
1642,7.727810303017216e-05,1.9445927143096924
1643,8.059644589049874e-05,1.9466311931610107
1644,6.798176856532275e-05,1.948585033416748
1645,0.00010244672873757963,1.9495842456817627
1646,7.153584143671036e-05,1.9495842456817627
1647,9.212861854529616e-05,1.9495842456817627
1648,7.208566951037792e-05,1.9495842456817627
1649,8.466892230541707e-05,1.9495842456817627
1650,6.270638046713632e-05,1.954913854598999
1651,6.621141974815014e-05,1.954913854598999
1652,8.851796442615128e-05,1.954913854598999
1653,6.62760182269331e-05,1.9576027393341064
1654,7.66676099500956e-05,1.9576027393341064
1655,8.654669662328054e-05,1.9576027393341064
1656,7.578552730055201e-05,1.9602882862091064
1657,7.967121568044843e-05,1.9602882862091064
1658,8.30140515086894e-05,1.9602882862091064
1659,7.40122918376077e-05,1.9602882862091064
1660,8.033335820576308e-05,1.9602882862091064
1661,7.609291204376963e-05,1.9659042358398438
1662,7.261260804972799e-05,1.9659042358398438
1663,8.765523417371392e-05,1.9711740016937256
1664,8.651387185816329e-05,1.9717981815338135
1665,6.836469951140126e-05,1.9717981815338135
1666,9.032201744299583e-05,1.9717981815338135
1667,6.978771823680745e-05,1.9717981815338135
1668,8.811868560075064e-05,1.9717981815338135
1669,6.626862839713802e-05,1.9764008522033691
1670,0.00011615364137146795,1.9764008522033691
1671,6.397130143951704e-05,1.9764008522033691
1672,7.401917743011346e-05,1.9764008522033691
1673,8.405142984323583e-05,1.9764008522033691
1674,7.530789579007398e-05,1.9821171760559082
1675,7.380585793039687e-05,1.9826529026031494
1676,8.486531844172013e-05,1.9826529026031494
1677,6.85837271560958e-05,1.9826529026031494
1678,7.58756651563603e-05,1.9826529026031494
1679,7.503456382392907e-05,1.9826529026031494
1680,8.010869050228618e-05,1.9826529026031494
1681,7.295123286799224e-05,1.9874060153961182
1682,9.136320720383613e-05,1.9874060153961182
1683,7.053228678111893e-05,1.9874060153961182
1684,7.441508524700128e-05,1.9874060153961182
1685,7.407723822975877e-05,1.9874060153961182
1686,7.861463345691316e-05,1.9874060153961182
1687,8.258192936226037e-05,1.9926156997680664
1688,7.837905177237605e-05,1.9926156997680664
1689,6.890495294579187e-05,1.9926156997680664
1690,0.0001122733933421147,1.9926156997680664
1691,7.079863378292018e-05,1.9926156997680664
1692,7.604987863289229e-05,1.9926156997680664
1693,8.32574897830523e-05,1.9988017082214355
1694,6.749730143965969e-05,1.9994027614593506
1695,0.00010112636570989152,1.9994027614593506
1696,6.881861926342962e-05,1.9994027614593506
1697,7.849394410218943e-05,1.9994027614593506
1698,7.76788320173363e-05,1.9994027614593506
1699,6.584811913888906e-05,2.004084348678589
1700,8.10398940753413e-05,2.004084348678589
1701,7.329555081909378e-05,2.004084348678589
1702,6.62539826775191e-05,2.004084348678589
1703,7.632476395546562e-05,2.004084348678589
1704,7.571034581455381e-05,2.004084348678589
1705,6.561757536537728e-05,2.009155035018921
1706,8.393284818354014e-05,2.009155035018921
1707,7.382260484790329e-05,2.009155035018921
1708,7.63608273969761e-05,2.009155035018921
1709,7.299776145417137e-05,2.009155035018921
1710,0.00011110970215297764,2.009155035018921
1711,6.568846773946918e-05,2.0142228603363037
1712,8.388978385628994e-05,2.0155956745147705
1713,7.300281185317059e-05,2.0155956745147705
1714,7.29564134080392e-05,2.0155956745147705
1715,6.931514804617899e-05,2.0155956745147705
1716,6.806743932007672e-05,2.0155956745147705
1717,7.105383284350941e-05,2.020703077316284
1718,7.51790031419011e-05,2.020703077316284
1719,7.246349147993681e-05,2.020703077316284
1720,7.449312740488077e-05,2.020703077316284
1721,7.075548018704927e-05,2.020703077316284
1722,8.564764340294801e-05,2.020703077316284
1723,6.970831166836835e-05,2.0258612632751465
1724,7.606411698544811e-05,2.0258612632751465
1725,7.639159155451203e-05,2.0258612632751465
1726,7.951842161217816e-05,2.0258612632751465
1727,7.17028436928368e-05,2.0258612632751465
1728,8.719205368654241e-05,2.0258612632751465
1729,8.437463752396953e-05,2.031033515930176
1730,6.875755919443817e-05,2.032698631286621
1731,8.353996714512259e-05,2.032698631286621
1732,6.613172181902093e-05,2.032698631286621
1733,0.00011657302015026012,2.032698631286621
1734,6.020801254023234e-05,2.032698631286621
1735,8.119060677758968e-05,2.032698631286621
1736,6.836102064641533e-05,2.037302017211914
1737,9.569247462635533e-05,2.037302017211914
1738,6.929962746224028e-05,2.037302017211914
1739,6.295987780686221e-05,2.037302017211914
1740,9.30503483555803e-05,2.037302017211914
1741,6.705741595115075e-05,2.037302017211914
1742,6.813676288760014e-05,2.0423810482025146
1743,7.282135444632946e-05,2.0423810482025146
1744,7.93852957108048e-05,2.0423810482025146
1745,6.543109696585175e-05,2.0423810482025146
1746,7.503514193876641e-05,2.047574758529663
1747,7.157940913398914e-05,2.049024820327759
1748,8.267375739160436e-05,2.049024820327759
1749,6.866443443278181e-05,2.049024820327759
1750,6.7444237247942e-05,2.049024820327759
1751,7.083016301496913e-05,2.049024820327759
1752,8.25313985925268e-05,2.0537683963775635
1753,6.288184806100714e-05,2.0537683963775635
1754,0.00012637316348130943,2.0537683963775635
1755,6.323047694033341e-05,2.0537683963775635
1756,7.083465079309038e-05,2.0537683963775635
1757,7.210780561722252e-05,2.057952642440796
1758,7.107716468531412e-05,2.059021234512329
1759,8.495577064589806e-05,2.059021234512329
1760,6.379210692662736e-05,2.059021234512329
1761,0.00010258488305019483,2.059021234512329
1762,6.034576992183329e-05,2.059021234512329
1763,0.00010568382581897203,2.059021234512329
1764,7.125347976331559e-05,2.064136505126953
1765,8.518048249136665e-05,2.0659193992614746
1766,7.253903493042595e-05,2.0659193992614746
1767,8.347261525889428e-05,2.070608377456665
1768,6.033309811779281e-05,2.070608377456665
1769,0.00010363345463433229,2.070608377456665
1770,6.417178854442171e-05,2.070608377456665
1771,7.518956946844633e-05,2.070608377456665
1772,6.230993314968167e-05,2.0757088661193848
1773,0.00011477636110409696,2.0757088661193848
1774,5.584219358409867e-05,2.0757088661193848
1775,0.0001053055823435735,2.0757088661193848
1776,6.107519679162212e-05,2.0757088661193848
1777,8.208899863893918e-05,2.0757088661193848
1778,7.415366764542456e-05,2.082179307937622
1779,6.741169271732775e-05,2.082179307937622
1780,7.111617357822437e-05,2.087439775466919
1781,6.532610863939745e-05,2.087439775466919
1782,7.66972413125533e-05,2.087439775466919
1783,6.74092139491202e-05,2.087439775466919
1784,0.00010241764706995548,2.0925538539886475
1785,6.448077434432101e-05,2.0925538539886475
1786,8.319974557668584e-05,2.0925538539886475
1787,6.627089672213336e-05,2.0925538539886475
1788,8.127926419112402e-05,2.0925538539886475
1789,6.341651975961838e-05,2.097722291946411
1790,8.67299292143388e-05,2.0994362831115723
1791,6.51107756760963e-05,2.0994362831115723
1792,6.0947193471818716e-05,2.0994362831115723
1793,8.116399039327392e-05,2.0994362831115723
1794,7.35537235275843e-05,2.0994362831115723
1795,6.0610547469157415e-05,2.1041648387908936
1796,0.00011623084124916156,2.1041648387908936
1797,6.489913767020101e-05,2.1041648387908936
1798,8.274364151933859e-05,2.1041648387908936
1799,6.843005978154165e-05,2.1041648387908936
1800,6.213409185549958e-05,2.1041648387908936
1801,8.579926585047527e-05,2.1092309951782227
1802,7.039313709228657e-05,2.1092309951782227
1803,6.54355190222348e-05,2.1092309951782227
1804,7.162226755108885e-05,2.1092309951782227
1805,6.047596227778214e-05,2.1092309951782227
1806,9.588196102087444e-05,2.1092309951782227
1807,6.245561708689388e-05,2.114440679550171
1808,7.324484803333123e-05,2.1154377460479736
1809,6.735239134340289e-05,2.1164259910583496
1810,7.215320587409578e-05,2.1164259910583496
1811,7.060691048931634e-05,2.1206586360931396
1812,8.233253604225274e-05,2.1206586360931396
1813,6.542000681954453e-05,2.1206586360931396
1814,0.00010028015737421741,2.1206586360931396
1815,5.92520789799745e-05,2.125732898712158
1816,7.103162228097788e-05,2.125732898712158
1817,6.629876676757496e-05,2.125732898712158
1818,6.106113143272617e-05,2.125732898712158
1819,8.137120614251788e-05,2.125732898712158
1820,6.488563055396606e-05,2.125732898712158
1821,9.193542117024213e-05,2.132025718688965
1822,6.451316436709053e-05,2.132596492767334
1823,7.686614779321764e-05,2.132596492767334
1824,6.456930305069116e-05,2.1388256549835205
1825,7.090451142688136e-05,2.1408002376556396
1826,6.364957288455609e-05,2.1428043842315674
1827,7.678142475808754e-05,2.1448822021484375
1828,6.702780748565662e-05,2.1458961963653564
1829,0.00010172974984708964,2.1468570232391357
1830,5.561041431953845e-05,2.148883104324341
1831,7.42546930951866e-05,2.149901866912842
1832,6.938784903653272e-05,2.150878429412842
1833,6.911308598191254e-05,2.1518826484680176
1834,7.277912362733144e-05,2.152898073196411
1835,6.704807547009576e-05,2.155601978302002
1836,7.780604103361762e-05,2.1565775871276855
1837,6.887702791914121e-05,2.1581695079803467
1838,6.967864684588535e-05,2.160275459289551
1839,6.078718744091281e-05,2.161303997039795
1840,7.624522094548245e-05,2.162278890609741
1841,6.384346735454676e-05,2.1632332801818848
1842,6.907572809869525e-05,2.1642704010009766
1843,6.113680328937398e-05,2.167233467102051
1844,0.0001082681669578971,2.16929030418396
1845,5.732551932020425e-05,2.16929030418396
1846,7.807922907786018e-05,2.16929030418396
1847,6.529345123642508e-05,2.16929030418396
1848,0.00011014147509697623,2.16929030418396
1849,5.875956362066077e-05,2.16929030418396
1850,6.264928985738839e-05,2.16929030418396
1851,8.242555313907919e-05,2.174731492996216
1852,6.531807789399635e-05,2.174731492996216
1853,9.137975468729561e-05,2.174731492996216
1854,6.30889327811997e-05,2.174731492996216
1855,7.356743164161294e-05,2.174731492996216
1856,6.746790898403755e-05,2.174731492996216
1857,5.9221444283633017e-05,2.1798324584960938
1858,7.356810709065328e-05,2.182286500930786
1859,6.533203553111045e-05,2.182915449142456
1860,7.645556474723553e-05,2.182915449142456
1861,6.052023199195001e-05,2.187689781188965
1862,6.953953661544915e-05,2.187689781188965
1863,7.14918508780973e-05,2.187689781188965
1864,6.152161058988036e-05,2.187689781188965
1865,7.475798567868292e-05,2.187689781188965
1866,6.345670271748703e-05,2.192776918411255
1867,7.633559721512316e-05,2.192776918411255
1868,6.202102370382766e-05,2.192776918411255
1869,0.00011231526968371222,2.1986141204833984
1870,6.232235610836608e-05,2.198920249938965
1871,6.488673293587608e-05,2.198920249938965
1872,7.081547110718713e-05,2.198920249938965
1873,6.388084649857143e-05,2.198920249938965
1874,8.201517632883788e-05,2.198920249938965
1875,6.343514400468282e-05,2.198920249938965
1876,8.448197123719804e-05,2.204136610031128
1877,5.6544855594352575e-05,2.204136610031128
1878,7.186330347845836e-05,2.204136610031128
1879,6.162043603378766e-05,2.204136610031128
1880,7.00651913838515e-05,2.204136610031128
1881,7.090177299698754e-05,2.204136610031128
1882,7.099544397287509e-05,2.2092697620391846
1883,6.586111117833154e-05,2.2092697620391846
1884,7.354500362266899e-05,2.2092697620391846
1885,6.0935956852123494e-05,2.2092697620391846
1886,0.00010278231870754396,2.2092697620391846
1887,5.6419941909575364e-05,2.2092697620391846
1888,7.231680167792232e-05,2.214362382888794
1889,8.442989124579986e-05,2.216499090194702
1890,6.199409135863046e-05,2.218721866607666
1891,0.00010358222222201631,2.220815420150757
1892,5.166646245102353e-05,2.223858118057251
1893,7.178116091010144e-05,2.224799871444702
1894,5.7957295853654225e-05,2.225801467895508
1895,5.836356525954087e-05,2.2267937660217285
1896,6.811093171988737e-05,2.2277770042419434
1897,6.45146502425963e-05,2.2287914752960205
1898,6.728225106776705e-05,2.229780912399292
1899,6.509598217820812e-05,2.2307863235473633
1900,6.665878781400155e-05,2.2317652702331543
1901,6.763210060745915e-05,2.232699394226074
1902,6.355866754699761e-05,2.232699394226074
1903,5.9112236612532125e-05,2.2369730472564697
1904,7.275041403784018e-05,2.2369730472564697
1905,6.430824022997843e-05,2.242065668106079
1906,7.478796244374008e-05,2.242065668106079
1907,7.072390339878257e-05,2.242065668106079
1908,6.509175336557693e-05,2.242065668106079
1909,7.179958578236746e-05,2.242065668106079
1910,6.394255309472481e-05,2.2471466064453125
1911,5.738261385435919e-05,2.248667001724243
1912,9.365892706954392e-05,2.2502944469451904
1913,5.884202212940909e-05,2.2502944469451904
1914,7.940334122273972e-05,2.2502944469451904
1915,5.434198227351676e-05,2.2502944469451904
1916,7.113402455765948e-05,2.2502944469451904
1917,6.389444559631563e-05,2.2550361156463623
1918,9.273500150941008e-05,2.2550361156463623
1919,5.776451898087812e-05,2.2550361156463623
1920,7.213962866803715e-05,2.2550361156463623
1921,5.748690079052954e-05,2.2581043243408203
1922,0.0001014402000147248,2.2581043243408203
1923,6.184393481251854e-05,2.26019287109375
1924,5.664073360007338e-05,2.26019287109375
1925,7.022467543788264e-05,2.26019287109375
1926,5.876671071026125e-05,2.26019287109375
1927,8.853504924251168e-05,2.26019287109375
1928,5.619303054244092e-05,2.26019287109375
1929,9.542933661905294e-05,2.2661519050598145
1930,6.49213137026923e-05,2.2661519050598145
1931,6.531014080787836e-05,2.2661519050598145
1932,7.05249687963456e-05,2.2661519050598145
1933,6.186295085130312e-05,2.2661519050598145
1934,5.9864604820863966e-05,2.2661519050598145
1935,6.539355194233887e-05,2.2661519050598145
1936,6.733511680116677e-05,2.27165150642395
1937,6.53129435311137e-05,2.27165150642395
1938,6.392083181951401e-05,2.27165150642395
1939,7.034337823829912e-05,2.27165150642395
1940,6.680749118786923e-05,2.27165150642395
1941,6.970581582835284e-05,2.27165150642395
1942,6.084264878861421e-05,2.276736259460449
1943,6.956153490714506e-05,2.276736259460449
1944,6.370722453584545e-05,2.2824950218200684
1945,7.168649255546545e-05,2.2824950218200684
1946,6.0763234952999196e-05,2.2824950218200684
1947,0.0001053785840479454,2.2824950218200684
1948,5.243710303960751e-05,2.2824950218200684
1949,7.774956435733248e-05,2.2824950218200684
1950,6.153082323090226e-05,2.28727388381958
1951,6.233175669484273e-05,2.28727388381958
1952,7.24153658180283e-05,2.28727388381958
1953,5.7890369697133905e-05,2.28727388381958
1954,6.900238487696392e-05,2.28727388381958
1955,5.620911658104827e-05,2.28727388381958
1956,8.048722792042421e-05,2.2924368381500244
1957,5.977050727062904e-05,2.2924368381500244
1958,6.12347930647172e-05,2.2924368381500244
1959,7.640042379406989e-05,2.2924368381500244
1960,5.49604248058074e-05,2.2924368381500244
1961,7.71963303973275e-05,2.2924368381500244
1962,6.570711365779051e-05,2.2987120151519775
1963,6.246941514581802e-05,2.299349308013916
1964,6.670513444262518e-05,2.299349308013916
1965,7.083389963234345e-05,2.299349308013916
1966,5.54196383010563e-05,2.299349308013916
1967,6.0386972320108916e-05,2.299349308013916
1968,6.294385748888958e-05,2.3038721084594727
1969,6.945506959634268e-05,2.3038721084594727
1970,6.601935050006387e-05,2.3038721084594727
1971,7.516344842416802e-05,2.3038721084594727
1972,6.042224690108134e-05,2.3038721084594727
1973,5.928313882807531e-05,2.3038721084594727
1974,7.422405440700206e-05,2.3038721084594727
1975,6.22560304607241e-05,2.3091177940368652
1976,6.017908084750217e-05,2.3091177940368652
1977,7.473196987544694e-05,2.3091177940368652
1978,6.0498125367696675e-05,2.3091177940368652
1979,6.808822135343947e-05,2.3091177940368652
1980,5.611549248602289e-05,2.3091177940368652
1981,6.892863293129725e-05,2.3156778812408447
1982,5.961831072861609e-05,2.3156778812408447
1983,5.8252022007908216e-05,2.3156778812408447
1984,8.324816840967427e-05,2.3205058574676514
1985,6.0808160307646285e-05,2.3205058574676514
1986,6.0096919719501514e-05,2.3205058574676514
1987,6.865110712608363e-05,2.3257012367248535
1988,7.30182940518488e-05,2.3257012367248535
1989,5.433147075598182e-05,2.3257012367248535
1990,9.975441634323726e-05,2.3257012367248535
1991,5.504058592581252e-05,2.3257012367248535
1992,7.259794279192707e-05,2.331768274307251
1993,5.6269666941232126e-05,2.3326685428619385
1994,7.929290570130955e-05,2.3326685428619385
1995,5.764711058501171e-05,2.3371217250823975
1996,6.907079195402699e-05,2.3371217250823975
1997,5.6345842017313814e-05,2.3371217250823975
1998,5.727170224509493e-05,2.3371217250823975
1999,6.276683452134955e-05,2.34220814704895
2000,8.446417750282887e-05,2.34220814704895
